repo_name,link,stars,most_recent_activity,age_days
freeCodeCamp/freeCodeCamp,https://github.com/freeCodeCamp/freeCodeCamp,443636,2026-04-26T23:28:29Z,4141
public-apis/public-apis,https://github.com/public-apis/public-apis,426712,2026-03-18T16:28:22Z,3689
EbookFoundation/free-programming-books,https://github.com/EbookFoundation/free-programming-books,386113,2026-04-24T13:32:32Z,4580
openclaw/openclaw,https://github.com/openclaw/openclaw,364713,2026-04-27T02:39:26Z,153
nilbuild/developer-roadmap,https://github.com/nilbuild/developer-roadmap,353707,2026-04-26T17:07:20Z,3329
donnemartin/system-design-primer,https://github.com/donnemartin/system-design-primer,344673,2026-03-20T01:52:19Z,3346
facebook/react,https://github.com/facebook/react,244710,2026-04-24T23:27:40Z,4720
TheAlgorithms/Python,https://github.com/TheAlgorithms/Python,220252,2026-04-13T22:10:46Z,3571
ossu/computer-science,https://github.com/ossu/computer-science,203294,2026-04-21T04:43:27Z,4376
trekhleb/javascript-algorithms,https://github.com/trekhleb/javascript-algorithms,195877,2026-02-18T09:20:06Z,2955
tensorflow/tensorflow,https://github.com/tensorflow/tensorflow,194899,2026-04-27T02:32:34Z,3824
ultraworkers/claw-code,https://github.com/ultraworkers/claw-code,188614,2026-04-27T02:32:16Z,26
ohmyzsh/ohmyzsh,https://github.com/ohmyzsh/ohmyzsh,186508,2026-04-26T12:52:33Z,6085
n8n-io/n8n,https://github.com/n8n-io/n8n,185714,2026-04-27T01:35:04Z,2500
microsoft/vscode,https://github.com/microsoft/vscode,184300,2026-04-27T02:35:00Z,3888
Significant-Gravitas/AutoGPT,https://github.com/Significant-Gravitas/AutoGPT,183793,2026-04-26T23:37:49Z,1137
jackfrued/Python-100-Days,https://github.com/jackfrued/Python-100-Days,181900,2026-04-13T02:42:42Z,2978
flutter/flutter,https://github.com/flutter/flutter,176117,2026-04-27T02:05:10Z,4069
twbs/bootstrap,https://github.com/twbs/bootstrap,174207,2026-04-25T21:18:41Z,5385
massgravel/Microsoft-Activation-Scripts,https://github.com/massgravel/Microsoft-Activation-Scripts,173253,2026-04-17T19:03:42Z,2296
avelino/awesome-go,https://github.com/avelino/awesome-go,171089,2026-04-26T03:17:26Z,4312
ollama/ollama,https://github.com/ollama/ollama,170083,2026-04-26T23:00:44Z,1035
obra/superpowers,https://github.com/obra/superpowers,168652,2026-04-24T02:02:37Z,199
affaan-m/everything-claude-code,https://github.com/affaan-m/everything-claude-code,167694,2026-04-26T04:53:53Z,99
AUTOMATIC1111/stable-diffusion-webui,https://github.com/AUTOMATIC1111/stable-diffusion-webui,162629,2026-03-02T07:00:53Z,1343
f/prompts.chat,https://github.com/f/prompts.chat,160796,2026-04-26T22:16:34Z,1238
huggingface/transformers,https://github.com/huggingface/transformers,159958,2026-04-26T13:00:40Z,2736
yt-dlp/yt-dlp,https://github.com/yt-dlp/yt-dlp,158769,2026-04-19T21:37:26Z,2008
Snailclimb/JavaGuide,https://github.com/Snailclimb/JavaGuide,155237,2026-04-25T16:01:15Z,2911
521xueweihan/HelloGitHub,https://github.com/521xueweihan/HelloGitHub,153285,2026-04-01T16:16:13Z,3644
anomalyco/opencode,https://github.com/anomalyco/opencode,150051,2026-04-27T02:09:08Z,361
airbnb/javascript,https://github.com/airbnb/javascript,148130,2026-04-16T19:24:09Z,4924
langflow-ai/langflow,https://github.com/langflow-ai/langflow,147394,2026-04-27T00:48:17Z,1173
ytdl-org/youtube-dl,https://github.com/ytdl-org/youtube-dl,140147,2026-02-19T16:45:25Z,5656
langgenius/dify,https://github.com/langgenius/dify,139249,2026-04-27T02:39:25Z,1110
vercel/next.js,https://github.com/vercel/next.js,139179,2026-04-27T02:33:48Z,3490
Genymobile/scrcpy,https://github.com/Genymobile/scrcpy,139058,2026-04-26T07:39:31Z,3078
yangshun/tech-interview-handbook,https://github.com/yangshun/tech-interview-handbook,139038,2026-04-05T23:58:25Z,3582
langchain-ai/langchain,https://github.com/langchain-ai/langchain,135028,2026-04-26T19:13:21Z,1287
open-webui/open-webui,https://github.com/open-webui/open-webui,134309,2026-04-24T10:07:14Z,933
golang/go,https://github.com/golang/go,133650,2026-04-26T15:43:54Z,4268
microsoft/PowerToys,https://github.com/microsoft/PowerToys,132051,2026-04-26T18:01:29Z,2552
Chalarangelo/30-seconds-of-code,https://github.com/Chalarangelo/30-seconds-of-code,127590,2026-04-21T22:12:54Z,3070
facebook/react-native,https://github.com/facebook/react-native,125729,2026-04-26T09:59:39Z,4125
krahets/hello-algo,https://github.com/krahets/hello-algo,125688,2026-04-18T18:23:33Z,1269
anthropics/skills,https://github.com/anthropics/skills,124327,2026-04-23T17:07:20Z,216
excalidraw/excalidraw,https://github.com/excalidraw/excalidraw,122008,2026-04-26T11:19:04Z,2307
kubernetes/kubernetes,https://github.com/kubernetes/kubernetes,121950,2026-04-27T01:18:46Z,4342
electron/electron,https://github.com/electron/electron,121047,2026-04-27T00:38:48Z,4763
NousResearch/hermes-agent,https://github.com/NousResearch/hermes-agent,118572,2026-04-27T02:37:44Z,278
anthropics/claude-code,https://github.com/anthropics/claude-code,118202,2026-04-25T01:55:08Z,428
microsoft/markitdown,https://github.com/microsoft/markitdown,117470,2026-04-20T17:52:20Z,529
nodejs/node,https://github.com/nodejs/node,116923,2026-04-26T19:36:36Z,4169
iptv-org/iptv,https://github.com/iptv-org/iptv,115313,2026-04-27T00:26:43Z,2720
clash-verge-rev/clash-verge-rev,https://github.com/clash-verge-rev/clash-verge-rev,113670,2026-04-27T00:43:52Z,887
shadcn-ui/ui,https://github.com/shadcn-ui/ui,113047,2026-04-27T01:25:31Z,1208
rustdesk/rustdesk,https://github.com/rustdesk/rustdesk,112955,2026-04-27T00:31:35Z,2036
d3/d3,https://github.com/d3/d3,112801,2025-12-02T17:48:19Z,5690
firecrawl/firecrawl,https://github.com/firecrawl/firecrawl,112473,2026-04-26T08:01:36Z,741
rust-lang/rust,https://github.com/rust-lang/rust,112365,2026-04-27T02:37:52Z,5793
mrdoob/three.js,https://github.com/mrdoob/three.js,112191,2026-04-26T21:22:05Z,5878
Comfy-Org/ComfyUI,https://github.com/Comfy-Org/ComfyUI,110216,2026-04-26T16:39:49Z,1195
godotengine/godot,https://github.com/godotengine/godot,109995,2026-04-24T21:55:01Z,4495
microsoft/generative-ai-for-beginners,https://github.com/microsoft/generative-ai-for-beginners,109889,2026-04-26T18:42:41Z,1042
axios/axios,https://github.com/axios/axios,109032,2026-04-26T16:14:23Z,4269
microsoft/TypeScript,https://github.com/microsoft/TypeScript,108679,2026-04-27T00:55:00Z,4331
Shubhamsaboo/awesome-llm-apps,https://github.com/Shubhamsaboo/awesome-llm-apps,107665,2026-04-19T06:07:13Z,727
ggml-org/llama.cpp,https://github.com/ggml-org/llama.cpp,106787,2026-04-26T17:42:41Z,1143
denoland/deno,https://github.com/denoland/deno,106552,2026-04-26T19:27:33Z,2904
fatedier/frp,https://github.com/fatedier/frp,106118,2026-04-26T18:30:36Z,3779
tauri-apps/tauri,https://github.com/tauri-apps/tauri,105894,2026-04-27T02:30:16Z,2479
papers-we-love/papers-we-love,https://github.com/papers-we-love/papers-we-love,105633,2026-03-26T09:31:12Z,4515
2dust/v2rayN,https://github.com/2dust/v2rayN,103576,2026-04-26T11:25:28Z,2462
deepseek-ai/DeepSeek-V3,https://github.com/deepseek-ai/DeepSeek-V3,102928,2025-08-28T03:24:37Z,486
microsoft/terminal,https://github.com/microsoft/terminal,102921,2026-04-27T01:43:00Z,3180
jaywcjlove/awesome-mac,https://github.com/jaywcjlove/awesome-mac,102678,2026-04-22T07:02:38Z,3570
google-gemini/gemini-cli,https://github.com/google-gemini/gemini-cli,102474,2026-04-25T06:52:12Z,374
supabase/supabase,https://github.com/supabase/supabase,101466,2026-04-27T02:05:04Z,2388
angular/angular,https://github.com/angular/angular,100056,2026-04-24T22:58:24Z,4238
Anduin2017/HowToCook,https://github.com/Anduin2017/HowToCook,99656,2026-04-12T05:52:37Z,2248
pytorch/pytorch,https://github.com/pytorch/pytorch,99464,2026-04-27T02:40:07Z,3543
neovim/neovim,https://github.com/neovim/neovim,99122,2026-04-26T23:02:54Z,4468
immich-app/immich,https://github.com/immich-app/immich,98691,2026-04-27T00:09:23Z,1543
mui/material-ui,https://github.com/mui/material-ui,98238,2026-04-27T02:22:00Z,4269
ant-design/ant-design,https://github.com/ant-design/ant-design,97856,2026-04-27T02:34:38Z,4020
fastapi/fastapi,https://github.com/fastapi/fastapi,97675,2026-04-26T01:23:24Z,2696
microsoft/Web-Dev-For-Beginners,https://github.com/microsoft/Web-Dev-For-Beginners,95680,2026-04-24T22:07:07Z,1993
tailwindlabs/tailwindcss,https://github.com/tailwindlabs/tailwindcss,94770,2026-04-26T22:20:55Z,3124
puppeteer/puppeteer,https://github.com/puppeteer/puppeteer,94197,2026-04-26T03:03:42Z,3274
iluwatar/java-design-patterns,https://github.com/iluwatar/java-design-patterns,93954,2026-03-20T21:23:33Z,4278
nvm-sh/nvm,https://github.com/nvm-sh/nvm,93101,2026-04-24T18:05:27Z,5855
hacksider/Deep-Live-Cam,https://github.com/hacksider/Deep-Live-Cam,92336,2026-04-23T16:42:55Z,945
rasbt/LLMs-from-scratch,https://github.com/rasbt/LLMs-from-scratch,91522,2026-04-16T18:23:37Z,1008
github/spec-kit,https://github.com/github/spec-kit,91015,2026-04-24T21:04:05Z,248
browser-use/browser-use,https://github.com/browser-use/browser-use,90501,2026-04-26T16:59:07Z,542
storybookjs/storybook,https://github.com/storybookjs/storybook,89802,2026-04-24T22:14:21Z,3691
oven-sh/bun,https://github.com/oven-sh/bun,89360,2026-04-27T01:51:45Z,1839
bitcoin/bitcoin,https://github.com/bitcoin/bitcoin,88944,2026-04-26T21:55:18Z,5607
gin-gonic/gin,https://github.com/gin-gonic/gin,88383,2026-04-22T22:32:49Z,4332
ChatGPTNextWeb/NextChat,https://github.com/ChatGPTNextWeb/NextChat,87812,2025-12-02T17:05:02Z,1143
gohugoio/hugo,https://github.com/gohugoio/hugo,87788,2026-04-25T16:41:27Z,4679
mermaid-js/mermaid,https://github.com/mermaid-js/mermaid,87643,2026-04-26T05:04:19Z,4194
msitarzewski/agency-agents,https://github.com/msitarzewski/agency-agents,87405,2026-04-12T04:25:59Z,195
microsoft/playwright,https://github.com/microsoft/playwright,87379,2026-04-26T16:32:36Z,2354
opencv/opencv,https://github.com/opencv/opencv,87253,2026-04-26T09:40:02Z,5029
home-assistant/core,https://github.com/home-assistant/core,86574,2026-04-27T01:06:00Z,4604
sveltejs/svelte,https://github.com/sveltejs/svelte,86432,2026-04-24T09:51:36Z,3444
3b1b/manim,https://github.com/3b1b/manim,86326,2026-04-18T13:59:18Z,4053
louislam/uptime-kuma,https://github.com/louislam/uptime-kuma,85957,2026-04-27T00:15:04Z,1759
microsoft/ML-For-Beginners,https://github.com/microsoft/ML-For-Beginners,85481,2026-04-26T20:44:11Z,1881
modelcontextprotocol/servers,https://github.com/modelcontextprotocol/servers,84576,2026-04-17T22:59:54Z,524
garrytan/gstack,https://github.com/garrytan/gstack,84222,2026-04-26T22:05:53Z,46
astral-sh/uv,https://github.com/astral-sh/uv,83972,2026-04-27T00:48:33Z,937
macrozheng/mall,https://github.com/macrozheng/mall,83500,2026-03-06T07:30:02Z,2945
realworld-apps/realworld,https://github.com/realworld-apps/realworld,83274,2026-04-14T16:11:02Z,3712
syncthing/syncthing,https://github.com/syncthing/syncthing,83172,2026-04-27T01:33:46Z,4534
sherlock-project/sherlock,https://github.com/sherlock-project/sherlock,82346,2026-04-26T05:55:19Z,2680
bregman-arie/devops-exercises,https://github.com/bregman-arie/devops-exercises,82169,2025-12-27T14:22:30Z,2397
tonsky/FiraCode,https://github.com/tonsky/FiraCode,81501,2026-04-13T22:52:26Z,4184
spring-projects/spring-boot,https://github.com/spring-projects/spring-boot,80496,2026-04-26T19:23:11Z,4937
vitejs/vite,https://github.com/vitejs/vite,80249,2026-04-27T01:04:49Z,2196
zed-industries/zed,https://github.com/zed-industries/zed,79831,2026-04-26T20:14:56Z,1891
junegunn/fzf,https://github.com/junegunn/fzf,79806,2026-04-26T09:10:04Z,4568
anuraghazra/github-readme-stats,https://github.com/anuraghazra/github-readme-stats,79174,2026-03-31T00:50:07Z,2117
infiniflow/ragflow,https://github.com/infiniflow/ragflow,79053,2026-04-27T02:20:46Z,866
hoppscotch/hoppscotch,https://github.com/hoppscotch/hoppscotch,79037,2026-04-27T02:34:23Z,2440
doocs/advanced-java,https://github.com/doocs/advanced-java,78957,2026-04-17T09:01:33Z,2759
localsend/localsend,https://github.com/localsend/localsend,78876,2026-04-06T15:16:42Z,1228
netdata/netdata,https://github.com/netdata/netdata,78614,2026-04-26T21:36:12Z,4696
vllm-project/vllm,https://github.com/vllm-project/vllm,78241,2026-04-27T02:37:22Z,1172
openai/codex,https://github.com/openai/codex,78085,2026-04-27T02:31:40Z,378
Stirling-Tools/Stirling-PDF,https://github.com/Stirling-Tools/Stirling-PDF,77858,2026-04-26T22:21:53Z,1185
tensorflow/models,https://github.com/tensorflow/models,77668,2026-04-23T16:35:48Z,3734
nomic-ai/gpt4all,https://github.com/nomic-ai/gpt4all,77372,2025-05-27T20:05:19Z,1126
coder/code-server,https://github.com/coder/code-server,77298,2026-04-23T19:58:12Z,2615
jesseduffield/lazygit,https://github.com/jesseduffield/lazygit,77065,2026-04-26T19:35:55Z,2900
karpathy/autoresearch,https://github.com/karpathy/autoresearch,76901,2026-03-26T00:07:37Z,51
PaddlePaddle/PaddleOCR,https://github.com/PaddlePaddle/PaddleOCR,76628,2026-04-23T04:21:20Z,2179
elastic/elasticsearch,https://github.com/elastic/elasticsearch,76590,2026-04-27T02:05:52Z,5921
FortAwesome/Font-Awesome,https://github.com/FortAwesome/Font-Awesome,76529,2026-02-10T18:21:21Z,5182
ventoy/Ventoy,https://github.com/ventoy/Ventoy,76173,2026-04-24T07:40:01Z,2238
lobehub/lobehub,https://github.com/lobehub/lobehub,75690,2026-04-27T02:31:18Z,1071
typicode/json-server,https://github.com/typicode/json-server,75570,2026-03-23T19:40:00Z,4533
nestjs/nest,https://github.com/nestjs/nest,75316,2026-04-27T00:53:02Z,3368
unionlabs/union,https://github.com/unionlabs/union,74127,2026-04-26T22:47:39Z,1076
redis/redis,https://github.com/redis/redis,74024,2026-04-23T12:46:48Z,6245
dair-ai/Prompt-Engineering-Guide,https://github.com/dair-ai/Prompt-Engineering-Guide,73849,2026-03-11T20:09:13Z,1227
tesseract-ocr/tesseract,https://github.com/tesseract-ocr/tesseract,73742,2026-04-21T11:29:19Z,4275
grafana/grafana,https://github.com/grafana/grafana,73442,2026-04-27T02:23:53Z,4519
twitter/the-algorithm,https://github.com/twitter/the-algorithm,73068,2025-09-08T18:40:54Z,1126
openai/openai-cookbook,https://github.com/openai/openai-cookbook,73013,2026-04-26T02:20:06Z,1508
ocornut/imgui,https://github.com/ocornut/imgui,72829,2026-04-24T15:38:57Z,4297
apache/superset,https://github.com/apache/superset,72601,2026-04-26T23:33:40Z,3932
PKUFlyingPig/cs-self-learning,https://github.com/PKUFlyingPig/cs-self-learning,72523,2026-02-24T14:45:49Z,1649
python/cpython,https://github.com/python/cpython,72461,2026-04-27T01:49:27Z,3362
daytonaio/daytona,https://github.com/daytonaio/daytona,72379,2026-04-26T22:40:57Z,810
abi/screenshot-to-code,https://github.com/abi/screenshot-to-code,72377,2026-04-08T17:24:21Z,894
josephmisiti/awesome-machine-learning,https://github.com/josephmisiti/awesome-machine-learning,72302,2026-04-26T15:32:15Z,4303
OpenHands/OpenHands,https://github.com/OpenHands/OpenHands,72127,2026-04-26T21:34:42Z,774
strapi/strapi,https://github.com/strapi/strapi,72009,2026-04-24T21:33:39Z,3861
obsproject/obs-studio,https://github.com/obsproject/obs-studio,71972,2026-04-22T01:06:02Z,4590
caddyserver/caddy,https://github.com/caddyserver/caddy,71865,2026-04-26T13:51:28Z,4121
moby/moby,https://github.com/moby/moby,71499,2026-04-26T08:09:59Z,4846
pallets/flask,https://github.com/pallets/flask,71452,2026-04-09T04:04:09Z,5864
protocolbuffers/protobuf,https://github.com/protocolbuffers/protobuf,71155,2026-04-26T20:20:49Z,4261
hakimel/reveal.js,https://github.com/hakimel/reveal.js,71071,2026-04-20T12:17:17Z,5437
nextlevelbuilder/ui-ux-pro-max-skill,https://github.com/nextlevelbuilder/ui-ux-pro-max-skill,70905,2026-04-03T05:08:19Z,147
Eugeny/tabby,https://github.com/Eugeny/tabby,70711,2026-04-24T14:24:10Z,3411
hiyouga/LlamaFactory,https://github.com/hiyouga/LlamaFactory,70638,2026-04-26T16:37:09Z,1064
binary-husky/gpt_academic,https://github.com/binary-husky/gpt_academic,70539,2026-01-25T12:33:10Z,1133
danielmiessler/SecLists,https://github.com/danielmiessler/SecLists,70517,2026-04-26T11:21:33Z,5181
TapXWorld/ChinaTextbook,https://github.com/TapXWorld/ChinaTextbook,70426,2025-10-18T13:39:24Z,2303
nektos/act,https://github.com/nektos/act,70040,2026-04-17T22:40:32Z,2671
AppFlowy-IO/AppFlowy,https://github.com/AppFlowy-IO/AppFlowy,70035,2026-04-24T09:48:29Z,1775
swiftlang/swift,https://github.com/swiftlang/swift,69946,2026-04-26T08:37:19Z,3838
expressjs/express,https://github.com/expressjs/express,68980,2026-04-23T17:50:10Z,6148
base/node,https://github.com/base/node,68609,2026-04-24T14:06:56Z,1180
ansible/ansible,https://github.com/ansible/ansible,68426,2026-04-24T14:42:24Z,5164
thedotmack/claude-mem,https://github.com/thedotmack/claude-mem,67984,2026-04-26T04:29:55Z,238
toeverything/AFFiNE,https://github.com/toeverything/AFFiNE,67734,2026-04-27T02:29:34Z,1365
NationalSecurityAgency/ghidra,https://github.com/NationalSecurityAgency/ghidra,67714,2026-04-24T16:37:40Z,2613
chrislgarry/Apollo-11,https://github.com/chrislgarry/Apollo-11,67625,2026-01-22T06:10:28Z,4406
juliangarnier/anime,https://github.com/juliangarnier/anime,67472,2026-02-13T17:19:34Z,3696
FoundationAgents/MetaGPT,https://github.com/FoundationAgents/MetaGPT,67446,2026-01-21T10:12:33Z,1031
chartjs/Chart.js,https://github.com/chartjs/Chart.js,67389,2026-04-16T11:49:43Z,4788
OpenBB-finance/OpenBB,https://github.com/OpenBB-finance/OpenBB,66557,2026-04-25T04:19:09Z,1953
labmlai/annotated_deep_learning_paper_implementations,https://github.com/labmlai/annotated_deep_learning_paper_implementations,66397,2026-01-22T04:26:00Z,2071
leonardomso/33-js-concepts,https://github.com/leonardomso/33-js-concepts,66345,2026-04-12T14:37:20Z,2791
apache/echarts,https://github.com/apache/echarts,66237,2026-04-27T02:30:33Z,4771
xtekky/gpt4free,https://github.com/xtekky/gpt4free,66100,2026-04-21T20:42:29Z,1124
scikit-learn/scikit-learn,https://github.com/scikit-learn/scikit-learn,65930,2026-04-25T15:44:11Z,5731
webpack/webpack,https://github.com/webpack/webpack,65785,2026-04-26T17:03:50Z,5160
Z4nzu/hackingtool,https://github.com/Z4nzu/hackingtool,65650,2026-03-15T14:33:08Z,2206
TheAlgorithms/Java,https://github.com/TheAlgorithms/Java,65474,2026-04-22T17:23:38Z,3571
kdn251/interviews,https://github.com/kdn251/interviews,64946,2025-05-12T12:56:04Z,3358
localstack/localstack,https://github.com/localstack/localstack,64888,2026-03-23T08:52:01Z,3470
facebook/docusaurus,https://github.com/facebook/docusaurus,64718,2026-04-24T20:33:31Z,3232
unclecode/crawl4ai,https://github.com/unclecode/crawl4ai,64631,2026-04-24T16:53:57Z,717
keras-team/keras,https://github.com/keras-team/keras,64044,2026-04-25T22:52:56Z,4048
bytedance/deer-flow,https://github.com/bytedance/deer-flow,63889,2026-04-27T02:27:48Z,354
prometheus/prometheus,https://github.com/prometheus/prometheus,63797,2026-04-26T21:54:00Z,4901
alacritty/alacritty,https://github.com/alacritty/alacritty,63677,2026-04-14T20:02:36Z,3720
pathwaycom/pathway,https://github.com/pathwaycom/pathway,63401,2026-04-26T05:26:40Z,1246
openinterpreter/open-interpreter,https://github.com/openinterpreter/open-interpreter,63320,2026-04-22T08:19:21Z,1017
socketio/socket.io,https://github.com/socketio/socket.io,63057,2026-04-17T07:57:36Z,5890
unslothai/unsloth,https://github.com/unslothai/unsloth,63044,2026-04-27T00:33:41Z,879
gorhill/uBlock,https://github.com/gorhill/uBlock,63013,2026-04-26T16:23:47Z,4043
BurntSushi/ripgrep,https://github.com/BurntSushi/ripgrep,62973,2026-02-27T16:25:19Z,3699
traefik/traefik,https://github.com/traefik/traefik,62885,2026-04-24T14:06:11Z,3878
nocodb/nocodb,https://github.com/nocodb/nocodb,62857,2026-04-26T16:02:48Z,3101
ryanoasis/nerd-fonts,https://github.com/ryanoasis/nerd-fonts,62718,2026-03-17T19:17:14Z,4160
rust-lang/rustlings,https://github.com/rust-lang/rustlings,62629,2026-04-25T12:14:15Z,3877
LadybirdBrowser/ladybird,https://github.com/LadybirdBrowser/ladybird,62559,2026-04-27T01:05:09Z,696
FuelLabs/sway,https://github.com/FuelLabs/sway,61749,2026-04-27T00:15:19Z,1923
Asabeneh/30-Days-Of-Python,https://github.com/Asabeneh/30-Days-Of-Python,61702,2026-04-04T17:59:06Z,2350
scrapy/scrapy,https://github.com/scrapy/scrapy,61464,2026-04-24T08:54:37Z,5908
reduxjs/redux,https://github.com/reduxjs/redux,61454,2026-04-23T16:09:25Z,3985
lodash/lodash,https://github.com/lodash/lodash,61261,2026-04-22T18:47:42Z,5132
opendatalab/MinerU,https://github.com/opendatalab/MinerU,61260,2026-04-25T16:18:01Z,787
youngyangyang04/leetcode-master,https://github.com/youngyangyang04/leetcode-master,61219,2026-03-11T02:52:47Z,2325
cline/cline,https://github.com/cline/cline,61034,2026-04-26T22:45:45Z,659
h5bp/Front-end-Developer-Interview-Questions,https://github.com/h5bp/Front-end-Developer-Interview-Questions,60825,2026-04-22T21:18:51Z,5190
minio/minio,https://github.com/minio/minio,60800,2026-04-24T17:54:39Z,4120
commaai/openpilot,https://github.com/commaai/openpilot,60730,2026-04-27T00:49:23Z,3441
jgraph/drawio-desktop,https://github.com/jgraph/drawio-desktop,60700,2026-04-25T06:06:06Z,3258
adam-p/markdown-here,https://github.com/adam-p/markdown-here,60182,2025-08-22T00:21:50Z,5096
nuxt/nuxt,https://github.com/nuxt/nuxt,60129,2026-04-26T22:40:14Z,3469
topjohnwu/Magisk,https://github.com/topjohnwu/Magisk,60079,2026-04-23T13:20:41Z,3517
pathwaycom/llm-app,https://github.com/pathwaycom/llm-app,59909,2026-01-07T11:59:38Z,1012
spring-projects/spring-framework,https://github.com/spring-projects/spring-framework,59870,2026-04-23T14:28:45Z,5618
jquery/jquery,https://github.com/jquery/jquery,59840,2026-04-21T20:35:10Z,6232
CorentinJ/Real-Time-Voice-Cloning,https://github.com/CorentinJ/Real-Time-Voice-Cloning,59641,2026-03-09T10:31:58Z,2527
microsoft/ai-agents-for-beginners,https://github.com/microsoft/ai-agents-for-beginners,59618,2026-04-26T18:19:02Z,514
dani-garcia/vaultwarden,https://github.com/dani-garcia/vaultwarden,59334,2026-04-25T17:40:49Z,2990
usememos/memos,https://github.com/usememos/memos,59198,2026-04-27T00:56:12Z,1600
paperclipai/paperclip,https://github.com/paperclipai/paperclip,59144,2026-04-27T02:26:07Z,55
Mintplex-Labs/anything-llm,https://github.com/Mintplex-Labs/anything-llm,59050,2026-04-25T00:05:35Z,1058
withastro/astro,https://github.com/withastro/astro,58794,2026-04-27T02:39:17Z,1868
docling-project/docling,https://github.com/docling-project/docling,58623,2026-04-26T08:09:10Z,656
sharkdp/bat,https://github.com/sharkdp/bat,58562,2026-04-20T02:09:54Z,2927
rails/rails,https://github.com/rails/rails,58381,2026-04-27T02:39:30Z,6590
pocketbase/pocketbase,https://github.com/pocketbase/pocketbase,57993,2026-04-24T19:27:33Z,1391
pmndrs/zustand,https://github.com/pmndrs/zustand,57855,2026-04-27T02:34:06Z,2574
pi-hole/pi-hole,https://github.com/pi-hole/pi-hole,57740,2026-04-26T21:25:30Z,4340
666ghj/MiroFish,https://github.com/666ghj/MiroFish,57598,2026-04-02T08:54:54Z,151
gsd-build/get-shit-done,https://github.com/gsd-build/get-shit-done,57594,2026-04-27T01:40:46Z,133
microsoft/autogen,https://github.com/microsoft/autogen,57463,2026-04-15T11:59:09Z,982
h5bp/html5-boilerplate,https://github.com/h5bp/html5-boilerplate,57434,2026-04-23T01:16:00Z,5936
virattt/ai-hedge-fund,https://github.com/virattt/ai-hedge-fund,57419,2026-04-24T14:05:36Z,513
meilisearch/meilisearch,https://github.com/meilisearch/meilisearch,57323,2026-04-25T10:07:08Z,2925
ultralytics/yolov5,https://github.com/ultralytics/yolov5,57298,2026-04-25T13:11:39Z,2169
karpathy/nanoGPT,https://github.com/karpathy/nanoGPT,57220,2025-11-12T19:52:34Z,1216
zylon-ai/private-gpt,https://github.com/zylon-ai/private-gpt,57208,2026-02-26T09:56:49Z,1090
FuelLabs/fuel-core,https://github.com/FuelLabs/fuel-core,57127,2026-04-26T18:52:37Z,2068
RVC-Boss/GPT-SoVITS,https://github.com/RVC-Boss/GPT-SoVITS,56978,2026-04-19T13:02:57Z,833
rust-unofficial/awesome-rust,https://github.com/rust-unofficial/awesome-rust,56969,2026-04-26T20:52:12Z,4301
starship/starship,https://github.com/starship/starship,56900,2026-04-27T00:48:46Z,2581
rclone/rclone,https://github.com/rclone/rclone,56872,2026-04-24T17:51:28Z,4424
shareAI-lab/learn-claude-code,https://github.com/shareAI-lab/learn-claude-code,56721,2026-04-14T16:58:21Z,301
ComposioHQ/awesome-claude-skills,https://github.com/ComposioHQ/awesome-claude-skills,56515,2026-04-21T11:45:47Z,191
ultralytics/ultralytics,https://github.com/ultralytics/ultralytics,56452,2026-04-26T09:40:12Z,1323
harry0703/MoneyPrinterTurbo,https://github.com/harry0703/MoneyPrinterTurbo,56435,2026-04-22T01:17:29Z,776
remix-run/react-router,https://github.com/remix-run/react-router,56374,2026-04-24T15:36:55Z,4363
Textualize/rich,https://github.com/Textualize/rich,56210,2026-04-12T09:40:10Z,2359
gatsbyjs/gatsby,https://github.com/gatsbyjs/gatsby,55956,2026-04-24T20:50:20Z,3993
FoundationAgents/OpenManus,https://github.com/FoundationAgents/OpenManus,55922,2026-02-11T13:48:00Z,416
appwrite/appwrite,https://github.com/appwrite/appwrite,55888,2026-04-26T09:14:53Z,2575
golang-standards/project-layout,https://github.com/golang-standards/project-layout,55848,2026-03-22T17:19:41Z,3151
azl397985856/leetcode,https://github.com/azl397985856/leetcode,55786,2025-07-16T09:42:17Z,2949
marktext/marktext,https://github.com/marktext/marktext,55533,2026-03-04T13:37:12Z,3087
sansan0/TrendRadar,https://github.com/sansan0/TrendRadar,55383,2026-04-18T23:51:03Z,363
AntonOsika/gpt-engineer,https://github.com/AntonOsika/gpt-engineer,55220,2025-05-14T10:15:10Z,1093
deepfakes/faceswap,https://github.com/deepfakes/faceswap,55192,2026-04-24T17:12:57Z,3050
go-gitea/gitea,https://github.com/go-gitea/gitea,55125,2026-04-26T20:18:29Z,3464
2dust/v2rayNG,https://github.com/2dust/v2rayNG,54916,2026-04-26T03:28:36Z,2539
laurent22/joplin,https://github.com/laurent22/joplin,54507,2026-04-26T18:03:46Z,3387
code-yeongyu/oh-my-openagent,https://github.com/code-yeongyu/oh-my-openagent,54298,2026-04-27T02:17:56Z,145
coollabsio/coolify,https://github.com/coollabsio/coolify,54233,2026-04-26T11:55:00Z,1917
mem0ai/mem0,https://github.com/mem0ai/mem0,54129,2026-04-25T17:41:23Z,1041
Zie619/n8n-workflows,https://github.com/Zie619/n8n-workflows,53999,2026-02-11T15:41:17Z,347
termux/termux-app,https://github.com/termux/termux-app,53986,2026-04-06T23:11:53Z,3838
romkatv/powerlevel10k,https://github.com/romkatv/powerlevel10k,53954,2026-03-14T06:07:30Z,2618
psf/requests,https://github.com/psf/requests,53925,2026-04-24T14:19:27Z,5551
wagoodman/dive,https://github.com/wagoodman/dive,53835,2025-12-15T17:20:36Z,2905
upstash/context7,https://github.com/upstash/context7,53804,2026-04-24T17:50:23Z,396
vuejs/core,https://github.com/vuejs/core,53536,2026-04-27T02:05:22Z,2875
WerWolv/ImHex,https://github.com/WerWolv/ImHex,53329,2026-04-27T01:00:18Z,1993
ChrisTitusTech/winutil,https://github.com/ChrisTitusTech/winutil,53240,2026-04-22T15:53:51Z,1460
TauricResearch/TradingAgents,https://github.com/TauricResearch/TradingAgents,53205,2026-04-25T22:17:55Z,484
mozilla/pdf.js,https://github.com/mozilla/pdf.js,53194,2026-04-26T20:15:03Z,5479
PowerShell/PowerShell,https://github.com/PowerShell/PowerShell,53166,2026-04-25T00:28:15Z,3756
typst/typst,https://github.com/typst/typst,53076,2026-04-26T09:24:05Z,2406
koala73/worldmonitor,https://github.com/koala73/worldmonitor,52750,2026-04-26T23:16:17Z,108
TryGhost/Ghost,https://github.com/TryGhost/Ghost,52681,2026-04-26T21:36:28Z,4740
karpathy/nanochat,https://github.com/karpathy/nanochat,52557,2026-04-14T18:33:15Z,195
ionic-team/ionic-framework,https://github.com/ionic-team/ionic-framework,52482,2026-04-25T03:30:31Z,4632
sickcodes/Docker-OSX,https://github.com/sickcodes/Docker-OSX,52450,2025-11-11T05:23:57Z,2152
FlowiseAI/Flowise,https://github.com/FlowiseAI/Flowise,52301,2026-04-24T23:55:28Z,1122
farion1231/cc-switch,https://github.com/farion1231/cc-switch,52013,2026-04-26T15:15:45Z,265
vsouza/awesome-ios,https://github.com/vsouza/awesome-ios,51971,2026-04-24T18:48:56Z,4308
prettier/prettier,https://github.com/prettier/prettier,51829,2026-04-21T14:00:04Z,3435
ghostty-org/ghostty,https://github.com/ghostty-org/ghostty,51704,2026-04-26T04:14:28Z,1489
etcd-io/etcd,https://github.com/etcd-io/etcd,51645,2026-04-26T19:21:29Z,4677
google/guava,https://github.com/google/guava,51495,2026-04-24T15:49:15Z,4350
jekyll/jekyll,https://github.com/jekyll/jekyll,51390,2026-04-22T14:50:12Z,6397
chinese-poetry/chinese-poetry,https://github.com/chinese-poetry/chinese-poetry,51317,2026-04-13T17:24:18Z,3523
DefinitelyTyped/DefinitelyTyped,https://github.com/DefinitelyTyped/DefinitelyTyped,51201,2026-04-27T00:14:51Z,4951
dockur/windows,https://github.com/dockur/windows,51080,2026-04-01T21:07:16Z,833
ethereum/go-ethereum,https://github.com/ethereum/go-ethereum,50999,2026-04-26T15:32:39Z,4504
jesseduffield/lazydocker,https://github.com/jesseduffield/lazydocker,50815,2026-04-19T02:51:06Z,2535
jellyfin/jellyfin,https://github.com/jellyfin/jellyfin,50770,2026-04-26T19:44:46Z,2695
charlax/professional-programming,https://github.com/charlax/professional-programming,50766,2026-04-20T12:55:25Z,3823
lyswhut/lx-music-desktop,https://github.com/lyswhut/lx-music-desktop,50499,2026-04-10T04:16:57Z,2447
ruvnet/RuView,https://github.com/ruvnet/RuView,50388,2026-04-27T02:08:52Z,323
odoo/odoo,https://github.com/odoo/odoo,50326,2026-04-27T02:40:10Z,4366
jgthms/bulma,https://github.com/jgthms/bulma,50079,2026-03-01T20:13:02Z,3746
crewAIInc/crewAI,https://github.com/crewAIInc/crewAI,50003,2026-04-27T01:59:13Z,912
mastodon/mastodon,https://github.com/mastodon/mastodon,49880,2026-04-27T00:40:52Z,3716
MemPalace/mempalace,https://github.com/MemPalace/mempalace,49843,2026-04-27T02:40:02Z,22
dbeaver/dbeaver,https://github.com/dbeaver/dbeaver,49753,2026-04-27T00:32:16Z,3840
cypress-io/cypress,https://github.com/cypress-io/cypress,49619,2026-04-27T02:25:24Z,4072
nlohmann/json,https://github.com/nlohmann/json,49499,2026-04-24T18:27:35Z,4679
freqtrade/freqtrade,https://github.com/freqtrade/freqtrade,49444,2026-04-26T07:07:29Z,3266
AlistGo/alist,https://github.com/AlistGo/alist,49370,2026-04-21T16:26:33Z,1950
tw93/Mole,https://github.com/tw93/Mole,49232,2026-04-26T09:01:31Z,215
TanStack/query,https://github.com/TanStack/query,49229,2026-04-26T13:51:27Z,2420
huginn/huginn,https://github.com/huginn/huginn,49184,2026-04-27T02:19:44Z,4795
ggml-org/whisper.cpp,https://github.com/ggml-org/whisper.cpp,49067,2026-04-20T05:12:57Z,1309
expo/expo,https://github.com/expo/expo,49032,2026-04-27T02:36:53Z,3541
run-llama/llama_index,https://github.com/run-llama/llama_index,48958,2026-04-26T01:41:00Z,1271
iamkun/dayjs,https://github.com/iamkun/dayjs,48629,2026-04-17T21:46:01Z,2938
JuliaLang/julia,https://github.com/JuliaLang/julia,48626,2026-04-27T01:19:02Z,5484
pandas-dev/pandas,https://github.com/pandas-dev/pandas,48578,2026-04-26T13:07:08Z,5725
NanmiCoder/MediaCrawler,https://github.com/NanmiCoder/MediaCrawler,48525,2026-04-25T14:01:16Z,1052
OpenCut-app/OpenCut,https://github.com/OpenCut-app/OpenCut,48448,2026-04-26T19:31:16Z,308
makeplane/plane,https://github.com/makeplane/plane,48426,2026-04-25T12:30:39Z,1254
jingyaogong/minimind,https://github.com/jingyaogong/minimind,48347,2026-04-24T12:16:13Z,638
ReactiveX/RxJava,https://github.com/ReactiveX/RxJava,48290,2026-04-22T07:18:42Z,4856
shanraisshan/claude-code-best-practice,https://github.com/shanraisshan/claude-code-best-practice,48286,2026-04-26T12:19:52Z,177
hashicorp/terraform,https://github.com/hashicorp/terraform,48260,2026-04-24T21:57:29Z,4427
skylot/jadx,https://github.com/skylot/jadx,48254,2026-04-25T20:10:57Z,4787
x64dbg/x64dbg,https://github.com/x64dbg/x64dbg,48209,2026-04-26T10:53:13Z,4033
lllyasviel/Fooocus,https://github.com/lllyasviel/Fooocus,48191,2025-12-01T19:17:07Z,991
tw93/Pake,https://github.com/tw93/Pake,48169,2026-04-22T03:45:07Z,1290
type-challenges/type-challenges,https://github.com/type-challenges/type-challenges,48005,2026-04-23T16:39:41Z,2103
bigskysoftware/htmx,https://github.com/bigskysoftware/htmx,47899,2026-04-26T03:01:00Z,2204
Homebrew/brew,https://github.com/Homebrew/brew,47726,2026-04-27T02:30:57Z,3703
gogs/gogs,https://github.com/gogs/gogs,47495,2026-04-24T02:11:24Z,4457
GokuMohandas/Made-With-ML,https://github.com/GokuMohandas/Made-With-ML,47416,2026-03-04T23:44:21Z,2729
astral-sh/ruff,https://github.com/astral-sh/ruff,47263,2026-04-27T02:36:29Z,1356
JuliusBrussee/caveman,https://github.com/JuliusBrussee/caveman,47230,2026-04-18T10:11:39Z,22
ClickHouse/ClickHouse,https://github.com/ClickHouse/ClickHouse,47082,2026-04-27T02:40:48Z,3615
slab/quill,https://github.com/slab/quill,47081,2025-07-25T06:09:23Z,5018
typescript-cheatsheets/react,https://github.com/typescript-cheatsheets/react,47035,2026-02-13T07:17:32Z,2885
metabase/metabase,https://github.com/metabase/metabase,47035,2026-04-27T02:29:15Z,4101
pixijs/pixijs,https://github.com/pixijs/pixijs,47020,2026-04-24T07:34:07Z,4843
microsoft/AI-For-Beginners,https://github.com/microsoft/AI-For-Beginners,46975,2026-04-24T10:39:56Z,1880
square/okhttp,https://github.com/square/okhttp,46937,2026-04-26T12:39:02Z,5025
serverless/serverless,https://github.com/serverless/serverless,46920,2026-04-22T14:41:03Z,4023
oobabooga/textgen,https://github.com/oobabooga/textgen,46869,2026-04-27T01:59:29Z,1222
v2ray/v2ray-core,https://github.com/v2ray/v2ray-core,46850,2026-04-24T03:23:18Z,3887
tldraw/tldraw,https://github.com/tldraw/tldraw,46563,2026-04-27T00:26:00Z,1813
acmesh-official/acme.sh,https://github.com/acmesh-official/acme.sh,46404,2026-04-26T12:29:40Z,3774
Asabeneh/30-Days-Of-JavaScript,https://github.com/Asabeneh/30-Days-Of-JavaScript,46277,2025-12-06T11:12:48Z,2316
penpot/penpot,https://github.com/penpot/penpot,46257,2026-04-26T22:27:30Z,3771
gedoor/legado,https://github.com/gedoor/legado,46198,2026-04-24T11:00:23Z,2531
coreybutler/nvm-windows,https://github.com/coreybutler/nvm-windows,46112,2026-04-17T17:58:18Z,4236
slidevjs/slidev,https://github.com/slidevjs/slidev,46034,2026-04-23T03:31:40Z,1829
jeecgboot/JeecgBoot,https://github.com/jeecgboot/JeecgBoot,45985,2026-04-25T09:09:49Z,2708
microsoft/monaco-editor,https://github.com/microsoft/monaco-editor,45912,2026-04-24T23:28:14Z,3610
mudler/LocalAI,https://github.com/mudler/LocalAI,45851,2026-04-26T23:04:35Z,1135
prisma/prisma,https://github.com/prisma/prisma,45843,2026-04-24T12:34:52Z,2502
KRTirtho/spotube,https://github.com/KRTirtho/spotube,45838,2026-03-15T02:52:43Z,1897
bevyengine/bevy,https://github.com/bevyengine/bevy,45760,2026-04-27T02:30:22Z,2290
bmad-code-org/BMAD-METHOD,https://github.com/bmad-code-org/BMAD-METHOD,45743,2026-04-26T22:37:57Z,378
LeCoupa/awesome-cheatsheets,https://github.com/LeCoupa/awesome-cheatsheets,45707,2026-04-12T17:26:10Z,3090
android/architecture-samples,https://github.com/android/architecture-samples,45649,2026-04-23T09:41:48Z,3733
chenglou/pretext,https://github.com/chenglou/pretext,45424,2026-04-22T17:16:19Z,50
google/zx,https://github.com/google/zx,45424,2026-04-20T06:14:23Z,1817
Raphire/Win11Debloat,https://github.com/Raphire/Win11Debloat,45405,2026-04-26T18:31:59Z,2007
ColorlibHQ/AdminLTE,https://github.com/ColorlibHQ/AdminLTE,45370,2026-04-21T21:59:51Z,4505
jestjs/jest,https://github.com/jestjs/jest,45339,2026-04-20T04:51:38Z,4521
twentyhq/twenty,https://github.com/twentyhq/twenty,45228,2026-04-26T19:58:46Z,1242
RocketChat/Rocket.Chat,https://github.com/RocketChat/Rocket.Chat,45201,2026-04-26T16:22:58Z,3995
apache/airflow,https://github.com/apache/airflow,45200,2026-04-27T02:14:32Z,4031
docker/awesome-compose,https://github.com/docker/awesome-compose,45009,2026-04-22T00:56:40Z,2264
Leaflet/Leaflet,https://github.com/Leaflet/Leaflet,44928,2026-04-20T14:49:55Z,5695
isocpp/CppCoreGuidelines,https://github.com/isocpp/CppCoreGuidelines,44925,2026-04-16T19:07:57Z,3903
tmux/tmux,https://github.com/tmux/tmux,44894,2026-04-26T20:19:19Z,3980
upscayl/upscayl,https://github.com/upscayl/upscayl,44883,2026-03-27T16:33:02Z,1366
BerriAI/litellm,https://github.com/BerriAI/litellm,44809,2026-04-26T06:13:41Z,1005
meteor/meteor,https://github.com/meteor/meteor,44766,2026-04-25T06:12:30Z,5212
remotion-dev/remotion,https://github.com/remotion-dev/remotion,44734,2026-04-26T20:59:30Z,2133
react-hook-form/react-hook-form,https://github.com/react-hook-form/react-hook-form,44681,2026-04-27T00:28:42Z,2609
grpc/grpc,https://github.com/grpc/grpc,44675,2026-04-25T04:35:36Z,4157
pyenv/pyenv,https://github.com/pyenv/pyenv,44668,2026-04-23T21:34:40Z,4986
iina/iina,https://github.com/iina/iina,44602,2026-04-27T02:19:40Z,3415
vercel/hyper,https://github.com/vercel/hyper,44585,2026-04-20T12:29:35Z,3586
sudheerj/reactjs-interview-questions,https://github.com/sudheerj/reactjs-interview-questions,44529,2026-04-15T07:27:32Z,2887
CherryHQ/cherry-studio,https://github.com/CherryHQ/cherry-studio,44485,2026-04-27T01:26:05Z,703
9001/copyparty,https://github.com/9001/copyparty,44479,2026-04-24T22:42:51Z,2527
streamlit/streamlit,https://github.com/streamlit/streamlit,44368,2026-04-26T08:39:45Z,2438
SimplifyJobs/Summer2026-Internships,https://github.com/SimplifyJobs/Summer2026-Internships,44312,2026-04-27T02:31:14Z,2164
zhongyang219/TrafficMonitor,https://github.com/zhongyang219/TrafficMonitor,44214,2026-04-06T11:26:46Z,3192
exo-explore/exo,https://github.com/exo-explore/exo,44127,2026-04-27T00:27:54Z,671
helix-editor/helix,https://github.com/helix-editor/helix,44126,2026-04-24T02:57:27Z,2155
cli/cli,https://github.com/cli/cli,44078,2026-04-24T13:54:31Z,2397
parcel-bundler/parcel,https://github.com/parcel-bundler/parcel,44034,2026-04-26T20:48:06Z,3184
milvus-io/milvus,https://github.com/milvus-io/milvus,43996,2026-04-26T12:55:46Z,2414
Aider-AI/aider,https://github.com/Aider-AI/aider,43982,2026-04-25T16:44:33Z,1083
streamich/react-use,https://github.com/streamich/react-use,43973,2026-01-20T12:19:23Z,2738
yangshun/front-end-interview-handbook,https://github.com/yangshun/front-end-interview-handbook,43943,2026-04-24T10:00:07Z,3025
AykutSarac/jsoncrack.com,https://github.com/AykutSarac/jsoncrack.com,43909,2026-04-22T20:59:11Z,1547
square/retrofit,https://github.com/square/retrofit,43904,2026-04-21T23:02:43Z,5711
babel/babel,https://github.com/babel/babel,43895,2026-04-26T19:00:02Z,4228
spf13/cobra,https://github.com/spf13/cobra,43774,2026-04-25T23:07:41Z,4618
zhayujie/CowAgent,https://github.com/zhayujie/CowAgent,43747,2026-04-26T09:11:06Z,1358
NaiboWang/EasySpider,https://github.com/NaiboWang/EasySpider,43737,2026-04-22T13:59:44Z,2108
jgm/pandoc,https://github.com/jgm/pandoc,43714,2026-04-24T18:35:12Z,5881
getsentry/sentry,https://github.com/getsentry/sentry,43700,2026-04-27T02:36:33Z,5718
hiroi-sora/Umi-OCR,https://github.com/hiroi-sora/Umi-OCR,43687,2025-11-20T14:58:13Z,1490
DIYgod/RSSHub,https://github.com/DIYgod/RSSHub,43652,2026-04-27T02:36:46Z,2946
bannedbook/fanqiang,https://github.com/bannedbook/fanqiang,43384,2026-04-26T05:31:41Z,4121
aaif-goose/goose,https://github.com/aaif-goose/goose,43330,2026-04-27T02:33:49Z,611
usebruno/bruno,https://github.com/usebruno/bruno,43291,2026-04-24T09:54:46Z,1307
mitmproxy/mitmproxy,https://github.com/mitmproxy/mitmproxy,43275,2026-04-25T09:24:59Z,5913
Kong/kong,https://github.com/Kong/kong,43268,2026-03-27T17:42:51Z,4178
FuelLabs/fuels-rs,https://github.com/FuelLabs/fuels-rs,43240,2026-04-06T18:57:03Z,1638
FuelLabs/fuels-ts,https://github.com/FuelLabs/fuels-ts,43214,2026-03-27T18:21:29Z,1696
apache/spark,https://github.com/apache/spark,43198,2026-04-27T02:29:41Z,4443
files-community/Files,https://github.com/files-community/Files,43174,2026-04-26T22:16:44Z,2669
Unitech/pm2,https://github.com/Unitech/pm2,43095,2026-03-27T13:30:12Z,4723
Fission-AI/OpenSpec,https://github.com/Fission-AI/OpenSpec,43095,2026-04-24T07:41:01Z,264
Light-City/CPlusPlusThings,https://github.com/Light-City/CPlusPlusThings,43095,2026-03-12T15:48:05Z,2478
siyuan-note/siyuan,https://github.com/siyuan-note/siyuan,42998,2026-04-27T01:32:21Z,2065
fastapi/full-stack-fastapi-template,https://github.com/fastapi/full-stack-fastapi-template,42882,2026-04-21T23:05:05Z,2619
ziglang/zig,https://github.com/ziglang/zig,42860,2025-11-27T01:42:59Z,3917
faif/python-patterns,https://github.com/faif/python-patterns,42718,2026-03-13T17:04:16Z,5072
sharkdp/fd,https://github.com/sharkdp/fd,42717,2026-04-24T07:07:56Z,3274
juspay/hyperswitch,https://github.com/juspay/hyperswitch,42536,2026-04-27T00:56:05Z,1287
colinhacks/zod,https://github.com/colinhacks/zod,42507,2026-02-15T14:20:41Z,2241
gradio-app/gradio,https://github.com/gradio-app/gradio,42441,2026-04-23T04:05:59Z,2685
logseq/logseq,https://github.com/logseq/logseq,42438,2026-04-26T18:52:24Z,2165
Alamofire/Alamofire,https://github.com/Alamofire/Alamofire,42374,2026-04-26T21:46:18Z,4287
ray-project/ray,https://github.com/ray-project/ray,42318,2026-04-27T01:52:32Z,3470
mingrammer/diagrams,https://github.com/mingrammer/diagrams,42218,2026-04-13T08:07:16Z,2275
deepspeedai/DeepSpeed,https://github.com/deepspeedai/DeepSpeed,42196,2026-04-24T06:07:37Z,2285
janhq/jan,https://github.com/janhq/jan,42189,2026-04-24T08:10:37Z,984
calcom/cal.diy,https://github.com/calcom/cal.diy,42144,2026-04-26T19:19:24Z,1861
microsoft/VibeVoice,https://github.com/microsoft/VibeVoice,42082,2026-04-24T17:12:20Z,244
ccxt/ccxt,https://github.com/ccxt/ccxt,42080,2026-04-26T12:49:00Z,3269
payloadcms/payload,https://github.com/payloadcms/payload,42042,2026-04-27T02:23:59Z,1937
charmbracelet/bubbletea,https://github.com/charmbracelet/bubbletea,41874,2026-04-24T23:27:04Z,2298
nolimits4web/swiper,https://github.com/nolimits4web/swiper,41839,2026-04-24T18:33:44Z,5156
zen-browser/desktop,https://github.com/zen-browser/desktop,41673,2026-04-26T22:32:39Z,760
anthropics/claude-cookbooks,https://github.com/anthropics/claude-cookbooks,41628,2026-04-25T22:49:57Z,985
curl/curl,https://github.com/curl/curl,41568,2026-04-26T14:42:42Z,5883
apache/dubbo,https://github.com/apache/dubbo,41564,2026-04-23T10:47:59Z,5059
yarnpkg/yarn,https://github.com/yarnpkg/yarn,41514,2026-04-24T16:15:08Z,3750
dcloudio/uni-app,https://github.com/dcloudio/uni-app,41505,2026-04-25T13:59:21Z,2845
psf/black,https://github.com/psf/black,41480,2026-04-24T20:50:21Z,2965
fastlane/fastlane,https://github.com/fastlane/fastlane,41439,2026-04-25T14:00:53Z,4163
hpcaitech/ColossalAI,https://github.com/hpcaitech/ColossalAI,41378,2026-04-13T17:31:24Z,1641
hexojs/hexo,https://github.com/hexojs/hexo,41361,2026-04-23T23:53:24Z,4963
hesreallyhim/awesome-claude-code,https://github.com/hesreallyhim/awesome-claude-code,41316,2026-04-27T01:02:40Z,372
microsoft/qlib,https://github.com/microsoft/qlib,41284,2026-04-22T07:08:01Z,2081
chubin/cheat.sh,https://github.com/chubin/cheat.sh,41280,2025-12-23T18:48:24Z,3276
nwjs/nw.js,https://github.com/nwjs/nw.js,41242,2026-04-26T23:30:04Z,5226
DataExpert-io/data-engineer-handbook,https://github.com/DataExpert-io/data-engineer-handbook,41098,2026-04-02T23:14:21Z,889
danielmiessler/Fabric,https://github.com/danielmiessler/Fabric,41078,2026-04-23T08:55:52Z,844
styled-components/styled-components,https://github.com/styled-components/styled-components,41024,2026-04-25T03:28:31Z,3540
vuetifyjs/vuetify,https://github.com/vuetifyjs/vuetify,40995,2026-04-24T16:40:44Z,3514
tabler/tabler,https://github.com/tabler/tabler,40987,2026-04-24T23:29:06Z,3006
HKUDS/nanobot,https://github.com/HKUDS/nanobot,40957,2026-04-27T02:33:55Z,84
datawhalechina/hello-agents,https://github.com/datawhalechina/hello-agents,40870,2026-04-25T14:24:05Z,231
saadeghi/daisyui,https://github.com/saadeghi/daisyui,40819,2026-04-22T17:02:48Z,1975
aria2/aria2,https://github.com/aria2/aria2,40746,2026-03-10T10:01:53Z,5629
badlogic/pi-mono,https://github.com/badlogic/pi-mono,40726,2026-04-26T22:24:34Z,260
HeyPuter/puter,https://github.com/HeyPuter/puter,40695,2026-04-27T02:23:16Z,785
666ghj/BettaFish,https://github.com/666ghj/BettaFish,40635,2026-03-13T16:22:40Z,664
QSCTech/zju-icicles,https://github.com/QSCTech/zju-icicles,40477,2026-01-20T11:01:02Z,3589
KeygraphHQ/shannon,https://github.com/KeygraphHQ/shannon,40463,2026-04-23T15:15:50Z,212
DataTalksClub/data-engineering-zoomcamp,https://github.com/DataTalksClub/data-engineering-zoomcamp,40423,2026-04-20T06:13:49Z,1648
chakra-ui/chakra-ui,https://github.com/chakra-ui/chakra-ui,40391,2026-04-27T01:51:57Z,2444
vim/vim,https://github.com/vim/vim,40276,2026-04-26T17:32:11Z,3904
remoteintech/remote-jobs,https://github.com/remoteintech/remote-jobs,40271,2026-04-24T15:47:35Z,3848
trpc/trpc,https://github.com/trpc/trpc,40109,2026-04-24T23:33:59Z,2109
mifi/lossless-cut,https://github.com/mifi/lossless-cut,40052,2026-04-25T16:03:55Z,3465
php/php-src,https://github.com/php/php-src,40036,2026-04-26T22:10:47Z,5429
santifer/career-ops,https://github.com/santifer/career-ops,40032,2026-04-26T20:01:32Z,22
pingcap/tidb,https://github.com/pingcap/tidb,40030,2026-04-25T14:17:40Z,3885
paperless-ngx/paperless-ngx,https://github.com/paperless-ngx/paperless-ngx,39938,2026-04-27T02:22:30Z,1534
vnpy/vnpy,https://github.com/vnpy/vnpy,39880,2026-04-22T07:37:04Z,4073
evanw/esbuild,https://github.com/evanw/esbuild,39865,2026-04-02T20:38:53Z,3603
facebookresearch/faiss,https://github.com/facebookresearch/faiss,39851,2026-04-26T05:33:19Z,3365
imputnet/cobalt,https://github.com/imputnet/cobalt,39782,2026-04-06T11:59:56Z,1388
go-gorm/gorm,https://github.com/go-gorm/gorm,39715,2026-03-23T10:05:06Z,4566
videojs/video.js,https://github.com/videojs/video.js,39710,2026-03-11T20:25:34Z,5826
agno-agi/agno,https://github.com/agno-agi/agno,39694,2026-04-26T09:56:52Z,1453
appsmithorg/appsmith,https://github.com/appsmithorg/appsmith,39691,2026-04-26T18:25:37Z,2126
chatboxai/chatbox,https://github.com/chatboxai/chatbox,39656,2026-04-09T03:24:43Z,1147
gofiber/fiber,https://github.com/gofiber/fiber,39638,2026-04-26T22:42:02Z,2292
photoprism/photoprism,https://github.com/photoprism/photoprism,39580,2026-04-26T12:26:20Z,3011
phaserjs/phaser,https://github.com/phaserjs/phaser,39505,2026-04-24T23:21:57Z,4762
lm-sys/FastChat,https://github.com/lm-sys/FastChat,39457,2025-06-02T15:22:03Z,1135
koalaman/shellcheck,https://github.com/koalaman/shellcheck,39338,2026-04-04T02:03:45Z,4908
PatrickJS/awesome-cursorrules,https://github.com/PatrickJS/awesome-cursorrules,39267,2025-10-24T16:37:26Z,587
google/styleguide,https://github.com/google/styleguide,39244,2026-04-09T16:35:19Z,3994
nushell/nushell,https://github.com/nushell/nushell,39179,2026-04-26T09:59:25Z,2543
2noise/ChatTTS,https://github.com/2noise/ChatTTS,39158,2026-04-10T16:33:48Z,699
QuivrHQ/quivr,https://github.com/QuivrHQ/quivr,39122,2025-07-09T12:55:23Z,1080
mindsdb/mindsdb,https://github.com/mindsdb/mindsdb,39057,2026-04-25T17:04:44Z,2824
google/leveldb,https://github.com/google/leveldb,38985,2026-03-11T04:06:29Z,4260
D4Vinci/Scrapling,https://github.com/D4Vinci/Scrapling,38947,2026-04-25T23:46:16Z,560
Dogfalo/materialize,https://github.com/Dogfalo/materialize,38928,2026-04-13T13:41:36Z,4244
novuhq/novu,https://github.com/novuhq/novu,38866,2026-04-26T19:41:49Z,1704
freeCodeCamp/devdocs,https://github.com/freeCodeCamp/devdocs,38782,2026-04-26T17:51:29Z,4567
DavidHDev/react-bits,https://github.com/DavidHDev/react-bits,38692,2026-04-25T08:27:24Z,628
moeru-ai/airi,https://github.com/moeru-ai/airi,38665,2026-04-27T01:43:47Z,511
microsoft/BitNet,https://github.com/microsoft/BitNet,38598,2026-03-10T07:49:47Z,629
preactjs/preact,https://github.com/preactjs/preact,38578,2026-04-08T06:05:26Z,3880
google/googletest,https://github.com/google/googletest,38528,2026-03-31T14:22:45Z,3925
halo-dev/halo,https://github.com/halo-dev/halo,38380,2026-04-26T12:29:35Z,2958
gto76/python-cheatsheet,https://github.com/gto76/python-cheatsheet,38355,2026-04-24T18:46:25Z,3013
Kong/insomnia,https://github.com/Kong/insomnia,38353,2026-04-26T06:15:10Z,3655
exelban/stats,https://github.com/exelban/stats,38329,2026-04-26T11:02:54Z,2524
lapce/lapce,https://github.com/lapce/lapce,38323,2026-04-27T00:57:35Z,3001
pola-rs/polars,https://github.com/pola-rs/polars,38315,2026-04-25T09:39:09Z,2174
outline/outline,https://github.com/outline/outline,38284,2026-04-27T01:56:25Z,3626
CorentinTh/it-tools,https://github.com/CorentinTh/it-tools,38272,2026-04-16T06:11:42Z,2212
roboflow/supervision,https://github.com/roboflow/supervision,38241,2026-04-27T00:07:28Z,1245
impress/impress.js,https://github.com/impress/impress.js,38223,2026-01-24T15:42:36Z,5233
PhilJay/MPAndroidChart,https://github.com/PhilJay/MPAndroidChart,38214,2025-06-05T07:06:39Z,4384
RSSNext/Folo,https://github.com/RSSNext/Folo,38163,2026-04-26T01:57:59Z,748
istio/istio,https://github.com/istio/istio,38151,2026-04-26T02:54:45Z,3446
ant-design/ant-design-pro,https://github.com/ant-design/ant-design-pro,38131,2026-04-24T15:26:47Z,3166
gkd-kit/gkd,https://github.com/gkd-kit/gkd,38060,2026-04-24T07:21:51Z,1027
llvm/llvm-project,https://github.com/llvm/llvm-project,38054,2026-04-27T02:02:44Z,3427
rapid7/metasploit-framework,https://github.com/rapid7/metasploit-framework,38037,2026-04-27T01:32:31Z,5353
naptha/tesseract.js,https://github.com/naptha/tesseract.js,38036,2026-02-28T02:55:17Z,3959
vadimdemedes/ink,https://github.com/vadimdemedes/ink,37994,2026-04-17T07:15:51Z,3240
ManimCommunity/manim,https://github.com/ManimCommunity/manim,37966,2026-04-21T18:07:15Z,2169
chatchat-space/Langchain-Chatchat,https://github.com/chatchat-space/Langchain-Chatchat,37924,2025-11-10T09:27:42Z,1122
TeamNewPipe/NewPipe,https://github.com/TeamNewPipe/NewPipe,37912,2026-04-26T09:20:03Z,3888
XTLS/Xray-core,https://github.com/XTLS/Xray-core,37897,2026-04-27T00:23:24Z,1994
spacedriveapp/spacedrive,https://github.com/spacedriveapp/spacedrive,37897,2026-04-19T08:27:55Z,1672
dotnet/aspnetcore,https://github.com/dotnet/aspnetcore,37869,2026-04-27T01:14:52Z,4429
google-research/google-research,https://github.com/google-research/google-research,37797,2026-04-26T00:39:21Z,2761
ToolJet/ToolJet,https://github.com/ToolJet/ToolJet,37794,2026-04-26T20:13:43Z,1853
juanfont/headscale,https://github.com/juanfont/headscale,37793,2026-04-26T00:42:43Z,2135
huihut/interview,https://github.com/huihut/interview,37767,2025-08-24T07:01:54Z,2998
duckdb/duckdb,https://github.com/duckdb/duckdb,37747,2026-04-26T07:27:51Z,2861
vlang/v,https://github.com/vlang/v,37508,2026-04-27T02:06:07Z,2634
huiyadanli/RevokeMsgPatcher,https://github.com/huiyadanli/RevokeMsgPatcher,37450,2026-01-31T18:22:26Z,2471
NervJS/taro,https://github.com/NervJS/taro,37430,2026-04-24T12:16:22Z,2940
eugenp/tutorials,https://github.com/eugenp/tutorials,37358,2026-04-25T18:44:27Z,4745
docker/compose,https://github.com/docker/compose,37320,2026-04-23T08:29:37Z,4521
ChromeDevTools/chrome-devtools-mcp,https://github.com/ChromeDevTools/chrome-devtools-mcp,37302,2026-04-26T02:10:41Z,227
portainer/portainer,https://github.com/portainer/portainer,37294,2026-04-26T13:26:49Z,3629
alibaba/arthas,https://github.com/alibaba/arthas,37279,2026-04-24T08:36:26Z,2797
0voice/interview_internal_reference,https://github.com/0voice/interview_internal_reference,37223,2025-10-22T09:39:06Z,2512
chen08209/FlClash,https://github.com/chen08209/FlClash,37196,2026-04-26T09:16:50Z,985
openai/gym,https://github.com/openai/gym,37175,2026-03-26T23:13:27Z,3651
sqlmapproject/sqlmap,https://github.com/sqlmapproject/sqlmap,37150,2026-04-24T18:51:03Z,5052
drawdb-io/drawdb,https://github.com/drawdb-io/drawdb,37119,2026-04-22T08:15:30Z,1015
sxyazi/yazi,https://github.com/sxyazi/yazi,37097,2026-04-26T08:22:18Z,1023
PKUanonym/REKCARC-TSC-UHT,https://github.com/PKUanonym/REKCARC-TSC-UHT,36983,2026-04-13T14:38:13Z,2578
satwikkansal/wtfpython,https://github.com/satwikkansal/wtfpython,36926,2026-01-13T19:49:12Z,3163
babysor/MockingBird,https://github.com/babysor/MockingBird,36903,2026-03-03T14:59:58Z,1723
fengdu78/Coursera-ML-AndrewNg-Notes,https://github.com/fengdu78/Coursera-ML-AndrewNg-Notes,36797,2025-08-25T04:02:38Z,3095
YunaiV/ruoyi-vue-pro,https://github.com/YunaiV/ruoyi-vue-pro,36780,2026-04-19T05:43:21Z,1918
markedjs/marked,https://github.com/markedjs/marked,36759,2026-04-21T02:52:38Z,5390
ashishps1/awesome-system-design-resources,https://github.com/ashishps1/awesome-system-design-resources,36753,2026-02-16T18:32:29Z,915
inkonchain/docs,https://github.com/inkonchain/docs,36751,2026-03-24T13:44:05Z,719
qbittorrent/qBittorrent,https://github.com/qbittorrent/qBittorrent,36726,2026-04-26T18:12:09Z,5195
aseprite/aseprite,https://github.com/aseprite/aseprite,36720,2026-04-21T19:13:01Z,4268
huggingface/pytorch-image-models,https://github.com/huggingface/pytorch-image-models,36717,2026-04-24T18:31:06Z,2640
inkonchain/node,https://github.com/inkonchain/node,36695,2026-04-21T17:00:42Z,713
shadowsocks/shadowsocks-android,https://github.com/shadowsocks/shadowsocks-android,36649,2026-02-18T07:09:54Z,4879
inkonchain/ink-kit,https://github.com/inkonchain/ink-kit,36605,2025-10-20T15:44:41Z,538
date-fns/date-fns,https://github.com/date-fns/date-fns,36560,2025-09-08T08:25:16Z,4220
servo/servo,https://github.com/servo/servo,36558,2026-04-27T01:58:31Z,5191
amruthpillai/reactive-resume,https://github.com/amruthpillai/reactive-resume,36471,2026-04-26T09:46:58Z,2223
typeorm/typeorm,https://github.com/typeorm/typeorm,36465,2026-04-24T23:24:44Z,3709
LizardByte/Sunshine,https://github.com/LizardByte/Sunshine,36463,2026-04-26T18:58:20Z,1593
ueberdosis/tiptap,https://github.com/ueberdosis/tiptap,36456,2026-04-23T02:08:38Z,2806
mattermost/mattermost,https://github.com/mattermost/mattermost,36376,2026-04-26T21:08:08Z,3968
GyulyVGC/sniffnet,https://github.com/GyulyVGC/sniffnet,36354,2026-04-24T20:53:58Z,1365
umami-software/umami,https://github.com/umami-software/umami,36344,2026-04-26T23:03:18Z,2109
xyflow/xyflow,https://github.com/xyflow/xyflow,36332,2026-04-21T22:07:35Z,2477
ShareX/ShareX,https://github.com/ShareX/ShareX,36296,2026-04-25T07:28:00Z,4583
hankcs/HanLP,https://github.com/hankcs/HanLP,36276,2025-11-15T23:08:17Z,4217
rtk-ai/rtk,https://github.com/rtk-ai/rtk,36226,2026-04-26T11:27:56Z,94
fastify/fastify,https://github.com/fastify/fastify,36132,2026-04-26T07:30:29Z,3497
ajeetdsouza/zoxide,https://github.com/ajeetdsouza/zoxide,36093,2026-04-13T19:40:38Z,2243
danny-avila/LibreChat,https://github.com/danny-avila/LibreChat,36089,2026-04-27T00:20:23Z,1170
lerna/lerna,https://github.com/lerna/lerna,36071,2026-04-15T18:50:11Z,3796
reworkd/AgentGPT,https://github.com/reworkd/AgentGPT,36035,2025-04-29T01:19:32Z,1116
carbon-app/carbon,https://github.com/carbon-app/carbon,36024,2026-02-10T05:07:19Z,3236
doocs/leetcode,https://github.com/doocs/leetcode,35947,2026-04-26T15:39:18Z,2779
google/langextract,https://github.com/google/langextract,35906,2026-04-25T05:24:38Z,292
DioxusLabs/dioxus,https://github.com/DioxusLabs/dioxus,35836,2026-04-25T00:45:22Z,1928
TriliumNext/Trilium,https://github.com/TriliumNext/Trilium,35761,2026-04-27T02:21:13Z,3261
pbatard/rufus,https://github.com/pbatard/rufus,35721,2026-04-23T15:18:38Z,5272
koajs/koa,https://github.com/koajs/koa,35709,2026-04-08T15:33:08Z,4663
safishamsi/graphify,https://github.com/safishamsi/graphify,35642,2026-04-25T14:56:59Z,23
junegunn/vim-plug,https://github.com/junegunn/vim-plug,35637,2026-02-18T16:23:49Z,4611
airbnb/lottie-android,https://github.com/airbnb/lottie-android,35613,2026-02-15T22:03:57Z,3489
Textualize/textual,https://github.com/Textualize/textual,35594,2026-04-26T14:22:56Z,1844
hashicorp/vault,https://github.com/hashicorp/vault,35507,2026-04-24T23:26:46Z,4079
jax-ml/jax,https://github.com/jax-ml/jax,35484,2026-04-27T02:04:51Z,2740
solidjs/solid,https://github.com/solidjs/solid,35462,2026-04-25T05:00:57Z,2924
alvarotrigo/fullPage.js,https://github.com/alvarotrigo/fullPage.js,35459,2026-03-17T16:13:31Z,4601
zsh-users/zsh-autosuggestions,https://github.com/zsh-users/zsh-autosuggestions,35367,2025-06-24T16:15:03Z,4565
mouredev/Hello-Python,https://github.com/mouredev/Hello-Python,35326,2025-08-11T12:00:01Z,1362
hyprwm/Hyprland,https://github.com/hyprwm/Hyprland,35298,2026-04-27T00:10:28Z,1502
sickn33/antigravity-awesome-skills,https://github.com/sickn33/antigravity-awesome-skills,35256,2026-04-26T20:32:26Z,102
harness/harness,https://github.com/harness/harness,35255,2026-04-24T16:54:16Z,4461
MHSanaei/3x-ui,https://github.com/MHSanaei/3x-ui,35228,2026-04-27T01:06:44Z,1172
sahat/hackathon-starter,https://github.com/sahat/hackathon-starter,35215,2026-04-24T13:30:15Z,4547
1Panel-dev/1Panel,https://github.com/1Panel-dev/1Panel,35180,2026-04-24T10:16:05Z,1377
microsoft/Data-Science-For-Beginners,https://github.com/microsoft/Data-Science-For-Beginners,35114,2026-04-26T18:35:25Z,1880
bumptech/glide,https://github.com/bumptech/glide,35025,2026-04-24T13:10:01Z,4675
anthropics/prompt-eng-interactive-tutorial,https://github.com/anthropics/prompt-eng-interactive-tutorial,35014,2026-03-01T17:07:40Z,754
typicode/husky,https://github.com/typicode/husky,35000,2026-03-19T23:03:16Z,4325
geekcomputers/Python,https://github.com/geekcomputers/Python,34985,2026-03-23T10:43:19Z,5261
mpv-player/mpv,https://github.com/mpv-player/mpv,34976,2026-04-26T06:56:24Z,4943
google-ai-edge/mediapipe,https://github.com/google-ai-edge/mediapipe,34951,2026-04-24T22:53:26Z,2509
netty/netty,https://github.com/netty/netty,34932,2026-04-26T21:01:48Z,5647
alan2207/bulletproof-react,https://github.com/alan2207/bulletproof-react,34926,2026-04-18T07:18:50Z,1792
directus/directus,https://github.com/directus/directus,34919,2026-04-26T20:43:09Z,4884
schollz/croc,https://github.com/schollz/croc,34763,2026-04-26T13:57:41Z,3113
pnpm/pnpm,https://github.com/pnpm/pnpm,34742,2026-04-24T11:15:18Z,3741
nextcloud/server,https://github.com/nextcloud/server,34742,2026-04-26T19:57:24Z,3615
aquasecurity/trivy,https://github.com/aquasecurity/trivy,34715,2026-04-24T11:55:12Z,2573
gchq/CyberChef,https://github.com/gchq/CyberChef,34675,2026-04-25T11:42:55Z,3436
laravel/framework,https://github.com/laravel/framework,34665,2026-04-26T16:43:40Z,4854
Lordog/dive-into-llms,https://github.com/Lordog/dive-into-llms,34618,2025-10-10T06:25:48Z,748
jqlang/jq,https://github.com/jqlang/jq,34570,2026-04-26T14:00:59Z,5030
refinedev/refine,https://github.com/refinedev/refine,34560,2026-04-15T16:42:10Z,1922
filebrowser/filebrowser,https://github.com/filebrowser/filebrowser,34475,2026-04-26T14:31:08Z,3880
facebookresearch/detectron2,https://github.com/facebookresearch/detectron2,34421,2026-04-07T19:18:41Z,2425
datalab-to/marker,https://github.com/datalab-to/marker,34396,2026-04-24T18:33:10Z,909
jaredpalmer/formik,https://github.com/jaredpalmer/formik,34376,2025-11-10T17:02:06Z,3238
wshobson/agents,https://github.com/wshobson/agents,34367,2026-04-26T20:42:38Z,276
HKUDS/LightRAG,https://github.com/HKUDS/LightRAG,34320,2026-04-27T01:37:59Z,571
python-poetry/poetry,https://github.com/python-poetry/poetry,34279,2026-04-26T20:51:24Z,2979
khoj-ai/khoj,https://github.com/khoj-ai/khoj,34264,2026-03-26T03:35:43Z,1715
qishibo/AnotherRedisDesktopManager,https://github.com/qishibo/AnotherRedisDesktopManager,34225,2025-10-16T02:30:58Z,2665
zenorocha/clipboard.js,https://github.com/zenorocha/clipboard.js,34167,2026-02-12T18:51:57Z,3873
patchy631/ai-engineering-hub,https://github.com/patchy631/ai-engineering-hub,34139,2026-03-23T19:26:56Z,552
TheAlgorithms/JavaScript,https://github.com/TheAlgorithms/JavaScript,34136,2026-03-07T14:45:13Z,3209
TheAlgorithms/C-Plus-Plus,https://github.com/TheAlgorithms/C-Plus-Plus,34118,2025-10-11T14:51:22Z,3571
keycloak/keycloak,https://github.com/keycloak/keycloak,34090,2026-04-27T00:55:21Z,4681
SeleniumHQ/selenium,https://github.com/SeleniumHQ/selenium,34062,2026-04-27T01:07:27Z,4850
drizzle-team/drizzle-orm,https://github.com/drizzle-team/drizzle-orm,34056,2026-04-26T10:30:37Z,1767
atlassian/react-beautiful-dnd,https://github.com/atlassian/react-beautiful-dnd,34019,2025-08-18T04:35:31Z,3182
stanfordnlp/dspy,https://github.com/stanfordnlp/dspy,34015,2026-04-24T13:11:25Z,1203
ItzCrazyKns/Vane,https://github.com/ItzCrazyKns/Vane,34003,2026-04-11T14:33:06Z,747
firecracker-microvm/firecracker,https://github.com/firecracker-microvm/firecracker,33972,2026-04-24T18:46:01Z,3111
ZuodaoTech/everyone-can-use-english,https://github.com/ZuodaoTech/everyone-can-use-english,33926,2026-02-03T07:27:26Z,2599
zxing/zxing,https://github.com/zxing/zxing,33922,2026-04-20T07:05:19Z,5310
anoma/anoma,https://github.com/anoma/anoma,33911,2026-04-10T13:33:51Z,1909
PostHog/posthog,https://github.com/PostHog/posthog,33883,2026-04-27T01:57:26Z,2285
wailsapp/wails,https://github.com/wailsapp/wails,33859,2026-04-27T00:36:26Z,2689
utmapp/UTM,https://github.com/utmapp/UTM,33859,2026-02-27T22:56:05Z,2571
v2fly/v2ray-core,https://github.com/v2fly/v2ray-core,33798,2026-04-21T22:52:38Z,2568
Pythagora-io/gpt-pilot,https://github.com/Pythagora-io/gpt-pilot,33776,2026-04-17T02:38:37Z,984
glanceapp/glance,https://github.com/glanceapp/glance,33763,2025-12-10T09:44:11Z,729
AdguardTeam/AdGuardHome,https://github.com/AdguardTeam/AdGuardHome,33706,2026-04-24T15:13:11Z,3581
IceWhaleTech/CasaOS,https://github.com/IceWhaleTech/CasaOS,33698,2025-08-06T08:54:04Z,1674
carbon-language/carbon-lang,https://github.com/carbon-language/carbon-lang,33684,2026-04-26T16:54:36Z,2190
ruvnet/ruflo,https://github.com/ruvnet/ruflo,33581,2026-04-11T16:20:19Z,328
balena-io/etcher,https://github.com/balena-io/etcher,33573,2026-04-09T13:00:56Z,3834
Dokploy/dokploy,https://github.com/Dokploy/dokploy,33521,2026-04-25T04:55:14Z,737
explosion/spaCy,https://github.com/explosion/spaCy,33514,2026-03-28T20:59:29Z,4315
derailed/k9s,https://github.com/derailed/k9s,33478,2026-04-21T00:01:23Z,2648
nothings/stb,https://github.com/nothings/stb,33474,2026-04-15T20:53:29Z,4354
TabbyML/tabby,https://github.com/TabbyML/tabby,33470,2026-03-02T20:08:28Z,1137
huggingface/diffusers,https://github.com/huggingface/diffusers,33458,2026-04-25T13:35:48Z,1427
ocrmypdf/OCRmyPDF,https://github.com/ocrmypdf/OCRmyPDF,33455,2026-04-26T01:22:53Z,4510
XX-net/XX-Net,https://github.com/XX-net/XX-Net,33439,2026-02-20T23:47:46Z,4119
pcottle/learnGitBranching,https://github.com/pcottle/learnGitBranching,33383,2026-04-26T13:31:06Z,5004
swc-project/swc,https://github.com/swc-project/swc,33376,2026-04-27T02:39:06Z,3047
PDFMathTranslate/PDFMathTranslate,https://github.com/PDFMathTranslate/PDFMathTranslate,33335,2026-04-20T15:08:23Z,597
openai/CLIP,https://github.com/openai/CLIP,33334,2026-03-25T18:46:40Z,1957
fish-shell/fish-shell,https://github.com/fish-shell/fish-shell,33303,2026-04-25T09:09:21Z,5099
restic/restic,https://github.com/restic/restic,33296,2026-04-01T10:19:59Z,4382
frappe/erpnext,https://github.com/frappe/erpnext,33219,2026-04-26T16:55:33Z,5436
backstage/backstage,https://github.com/backstage/backstage,33208,2026-04-26T20:15:47Z,2284
casey/just,https://github.com/casey/just,33182,2026-04-26T06:45:51Z,3600
SagerNet/sing-box,https://github.com/SagerNet/sing-box,33138,2026-04-24T21:09:34Z,1396
SerenityOS/serenity,https://github.com/SerenityOS/serenity,33110,2026-04-26T11:54:12Z,2702
immutable-js/immutable-js,https://github.com/immutable-js/immutable-js,33066,2026-04-10T07:03:24Z,4316
MonitorControl/MonitorControl,https://github.com/MonitorControl/MonitorControl,33036,2026-04-19T06:37:34Z,3144
certbot/certbot,https://github.com/certbot/certbot,33013,2026-04-24T22:22:13Z,4183
musistudio/claude-code-router,https://github.com/musistudio/claude-code-router,33001,2026-03-04T05:48:17Z,426
gulpjs/gulp,https://github.com/gulpjs/gulp,32981,2026-02-09T06:30:13Z,4679
siddharthvaddem/openscreen,https://github.com/siddharthvaddem/openscreen,32970,2026-04-27T00:25:27Z,198
zeromicro/go-zero,https://github.com/zeromicro/go-zero,32962,2026-04-25T09:11:04Z,2088
Lissy93/web-check,https://github.com/Lissy93/web-check,32925,2026-04-20T22:45:23Z,1036
alibaba/nacos,https://github.com/alibaba/nacos,32906,2026-04-24T08:39:57Z,2872
google/comprehensive-rust,https://github.com/google/comprehensive-rust,32898,2026-04-23T08:35:14Z,1222
OpenBMB/ChatDev,https://github.com/OpenBMB/ChatDev,32894,2026-04-07T05:37:11Z,973
k3s-io/k3s,https://github.com/k3s-io/k3s,32868,2026-04-26T18:22:53Z,2888
continuedev/continue,https://github.com/continuedev/continue,32819,2026-04-26T08:47:26Z,1068
qier222/YesPlayMusic,https://github.com/qier222/YesPlayMusic,32809,2026-01-18T06:11:52Z,2025
lutzroeder/netron,https://github.com/lutzroeder/netron,32806,2026-04-26T22:30:41Z,5600
medusajs/medusa,https://github.com/medusajs/medusa,32797,2026-04-26T06:31:20Z,2290
binarywang/WxJava,https://github.com/binarywang/WxJava,32744,2026-04-22T13:30:18Z,3763
HKUDS/CLI-Anything,https://github.com/HKUDS/CLI-Anything,32692,2026-04-24T15:49:55Z,49
remix-run/remix,https://github.com/remix-run/remix,32656,2026-04-25T22:32:21Z,2008
NginxProxyManager/nginx-proxy-manager,https://github.com/NginxProxyManager/nginx-proxy-manager,32621,2026-04-24T15:45:55Z,3049
kovidgoyal/kitty,https://github.com/kovidgoyal/kitty,32604,2026-04-27T01:14:16Z,3479
yewstack/yew,https://github.com/yewstack/yew,32589,2026-04-26T06:35:51Z,3053
floating-ui/floating-ui,https://github.com/floating-ui/floating-ui,32576,2026-03-03T03:02:11Z,3680
raysan5/raylib,https://github.com/raysan5/raylib,32571,2026-04-26T18:16:35Z,4567
songquanpeng/one-api,https://github.com/songquanpeng/one-api,32564,2026-01-09T03:26:43Z,1100
tinygrad/tinygrad,https://github.com/tinygrad/tinygrad,32559,2026-04-26T19:04:07Z,2016
microsoft/graphrag,https://github.com/microsoft/graphrag,32521,2026-04-26T01:18:47Z,760
0xAX/linux-insides,https://github.com/0xAX/linux-insides,32516,2026-04-13T07:51:51Z,4131
beego/beego,https://github.com/beego/beego,32410,2026-04-08T20:42:08Z,5171
vercel/swr,https://github.com/vercel/swr,32359,2026-04-17T23:30:12Z,2372
labstack/echo,https://github.com/labstack/echo,32348,2026-04-25T12:12:36Z,4074
nicolargo/glances,https://github.com/nicolargo/glances,32345,2026-04-26T16:35:36Z,5257
valinet/ExplorerPatcher,https://github.com/valinet/ExplorerPatcher,32324,2026-04-08T19:39:32Z,1721
vbenjs/vue-vben-admin,https://github.com/vbenjs/vue-vben-admin,32220,2026-04-26T08:26:57Z,2116
facebookresearch/fairseq,https://github.com/facebookresearch/fairseq,32209,2025-09-30T11:16:06Z,3162
lovell/sharp,https://github.com/lovell/sharp,32174,2026-04-26T18:26:45Z,4633
linera-io/linera-protocol,https://github.com/linera-io/linera-protocol,32128,2026-04-25T20:01:02Z,1589
cockroachdb/cockroach,https://github.com/cockroachdb/cockroach,32100,2026-04-27T01:34:09Z,4463
microsoft/WSL,https://github.com/microsoft/WSL,32032,2026-04-25T22:19:31Z,3672
hasura/graphql-engine,https://github.com/hasura/graphql-engine,31962,2026-04-25T02:06:58Z,2869
surrealdb/surrealdb,https://github.com/surrealdb/surrealdb,31956,2026-04-26T21:45:33Z,1599
zellij-org/zellij,https://github.com/zellij-org/zellij,31955,2026-04-22T13:10:27Z,2063
numpy/numpy,https://github.com/numpy/numpy,31904,2026-04-26T23:12:50Z,5704
OWASP/CheatSheetSeries,https://github.com/OWASP/CheatSheetSeries,31868,2026-04-26T22:22:46Z,2683
dokku/dokku,https://github.com/dokku/dokku,31860,2026-04-27T02:41:10Z,4705
aristocratos/btop,https://github.com/aristocratos/btop,31851,2026-04-26T12:36:51Z,1816
airbnb/lottie-web,https://github.com/airbnb/lottie-web,31819,2025-09-01T09:01:31Z,4083
tokio-rs/tokio,https://github.com/tokio-rs/tokio,31776,2026-04-20T19:03:45Z,3516
seaweedfs/seaweedfs,https://github.com/seaweedfs/seaweedfs,31771,2026-04-26T23:57:40Z,4304
kubernetes/minikube,https://github.com/kubernetes/minikube,31738,2026-04-24T22:11:53Z,3663
conductor-oss/conductor,https://github.com/conductor-oss/conductor,31706,2026-04-27T01:10:43Z,870
codex-team/editor.js,https://github.com/codex-team/editor.js,31703,2026-04-21T22:16:48Z,3802
motiondivision/motion,https://github.com/motiondivision/motion,31699,2026-04-15T11:13:50Z,2718
ZhuLinsen/daily_stock_analysis,https://github.com/ZhuLinsen/daily_stock_analysis,31666,2026-04-27T02:35:51Z,106
facebook/rocksdb,https://github.com/facebook/rocksdb,31647,2026-04-25T19:39:38Z,4895
ianstormtaylor/slate,https://github.com/ianstormtaylor/slate,31636,2026-04-14T01:16:57Z,3600
blakeblackshear/frigate,https://github.com/blakeblackshear/frigate,31599,2026-04-26T22:09:39Z,2647
telegramdesktop/tdesktop,https://github.com/telegramdesktop/tdesktop,31563,2026-04-26T05:02:48Z,4377
containers/podman,https://github.com/containers/podman,31525,2026-04-24T18:16:51Z,3098
shardeum/shardeum,https://github.com/shardeum/shardeum,31494,2025-09-15T10:43:50Z,740
alpinejs/alpine,https://github.com/alpinejs/alpine,31480,2026-04-24T00:41:10Z,2341
influxdata/influxdb,https://github.com/influxdata/influxdb,31464,2026-04-25T00:04:08Z,4595
microsoft/playwright-mcp,https://github.com/microsoft/playwright-mcp,31455,2026-04-22T22:39:13Z,401
Yeachan-Heo/oh-my-claudecode,https://github.com/Yeachan-Heo/oh-my-claudecode,31448,2026-04-27T01:39:46Z,107
pear-devs/pear-desktop,https://github.com/pear-devs/pear-desktop,31441,2026-04-25T15:09:55Z,2564
coolsnowwolf/lede,https://github.com/coolsnowwolf/lede,31434,2026-04-24T10:10:11Z,3154
iawia002/lux,https://github.com/iawia002/lux,31300,2026-03-29T18:18:56Z,2983
DevToys-app/DevToys,https://github.com/DevToys-app/DevToys,31284,2026-02-25T11:53:38Z,1671
github/awesome-copilot,https://github.com/github/awesome-copilot,31282,2026-04-26T19:39:45Z,319
dgtlmoon/changedetection.io,https://github.com/dgtlmoon/changedetection.io,31261,2026-04-26T13:25:22Z,1915
parallax/jsPDF,https://github.com/parallax/jsPDF,31224,2026-04-16T04:18:49Z,5985
refined-github/refined-github,https://github.com/refined-github/refined-github,31180,2026-04-26T20:24:59Z,3723
docsifyjs/docsify,https://github.com/docsifyjs/docsify,31171,2026-04-15T18:50:58Z,3444
ValveSoftware/Proton,https://github.com/ValveSoftware/Proton,31153,2026-04-25T15:56:07Z,2966
tqdm/tqdm,https://github.com/tqdm/tqdm,31132,2026-02-14T00:27:00Z,3980
fabricjs/fabric.js,https://github.com/fabricjs/fabric.js,31117,2026-04-22T20:17:02Z,5800
VSCodium/vscodium,https://github.com/VSCodium/vscodium,31089,2026-04-26T21:16:30Z,2813
Lightning-AI/pytorch-lightning,https://github.com/Lightning-AI/pytorch-lightning,31087,2026-04-23T11:44:35Z,2584
SortableJS/Sortable,https://github.com/SortableJS/Sortable,31081,2026-03-24T22:02:22Z,4511
mantinedev/mantine,https://github.com/mantinedev/mantine,31063,2026-04-23T19:32:12Z,1935
symfony/symfony,https://github.com/symfony/symfony,31017,2026-04-26T16:07:37Z,5956
tailscale/tailscale,https://github.com/tailscale/tailscale,30967,2026-04-26T22:32:52Z,2277
AMAI-GmbH/AI-Expert-Roadmap,https://github.com/AMAI-GmbH/AI-Expert-Roadmap,30933,2025-09-12T14:59:30Z,2010
microsoft/calculator,https://github.com/microsoft/calculator,30920,2026-04-15T18:54:40Z,2645
shadps4-emu/shadPS4,https://github.com/shadps4-emu/shadPS4,30917,2026-04-25T21:15:33Z,1280
webtorrent/webtorrent,https://github.com/webtorrent/webtorrent,30889,2026-04-25T00:35:52Z,4576
blueimp/jQuery-File-Upload,https://github.com/blueimp/jQuery-File-Upload,30782,2026-04-08T09:52:14Z,5625
qdrant/qdrant,https://github.com/qdrant/qdrant,30743,2026-04-27T00:28:29Z,2157
qarmin/czkawka,https://github.com/qarmin/czkawka,30741,2026-04-26T15:14:50Z,2063
AstrBotDevs/AstrBot,https://github.com/AstrBotDevs/AstrBot,30735,2026-04-27T02:38:07Z,1235
transloadit/uppy,https://github.com/transloadit/uppy,30730,2026-04-24T23:29:12Z,3814
vercel-labs/agent-browser,https://github.com/vercel-labs/agent-browser,30680,2026-04-20T21:12:47Z,105
zeroclaw-labs/zeroclaw,https://github.com/zeroclaw-labs/zeroclaw,30667,2026-04-27T02:41:25Z,72
AvaloniaUI/Avalonia,https://github.com/AvaloniaUI/Avalonia,30656,2026-04-25T09:52:22Z,4525
FreeCAD/FreeCAD,https://github.com/FreeCAD/FreeCAD,30611,2026-04-27T01:39:14Z,4977
pmndrs/react-three-fiber,https://github.com/pmndrs/react-three-fiber,30606,2026-04-14T19:23:20Z,2617
openai/openai-python,https://github.com/openai/openai-python,30605,2026-04-26T05:50:25Z,2009
layui/layui,https://github.com/layui/layui,30527,2026-04-23T10:07:51Z,3869
dandavison/delta,https://github.com/dandavison/delta,30504,2026-03-28T20:15:33Z,2498
langchain-ai/langgraph,https://github.com/langchain-ai/langgraph,30478,2026-04-26T00:59:44Z,991
CopilotKit/CopilotKit,https://github.com/CopilotKit/CopilotKit,30455,2026-04-27T01:04:45Z,1042
filamentphp/filament,https://github.com/filamentphp/filament,30448,2026-04-26T09:54:24Z,2230
grafana/k6,https://github.com/grafana/k6,30446,2026-04-27T00:05:16Z,3688
dragonflydb/dragonfly,https://github.com/dragonflydb/dragonfly,30403,2026-04-26T15:12:09Z,1597
cfenollosa/os-tutorial,https://github.com/cfenollosa/os-tutorial,30358,2026-02-04T09:33:56Z,4227
sequelize/sequelize,https://github.com/sequelize/sequelize,30354,2026-04-26T06:01:17Z,5757
nvim-lua/kickstart.nvim,https://github.com/nvim-lua/kickstart.nvim,30348,2026-04-23T23:33:55Z,1402
jumpserver/jumpserver,https://github.com/jumpserver/jumpserver,30342,2026-04-27T00:52:24Z,4314
facebook/folly,https://github.com/facebook/folly,30340,2026-04-26T22:57:59Z,5077
iced-rs/iced,https://github.com/iced-rs/iced,30331,2026-04-25T12:53:29Z,2477
sunface/rust-course,https://github.com/sunface/rust-course,30303,2026-03-12T15:34:50Z,2819
chinabugotech/hutool,https://github.com/chinabugotech/hutool,30302,2026-04-21T08:56:16Z,4396
cheeriojs/cheerio,https://github.com/cheeriojs/cheerio,30298,2026-04-24T16:28:09Z,5313
abhigyanpatwari/GitNexus,https://github.com/abhigyanpatwari/GitNexus,30279,2026-04-26T11:42:56Z,267
StevenBlack/hosts,https://github.com/StevenBlack/hosts,30271,2026-04-23T17:33:34Z,5127
vercel/turborepo,https://github.com/vercel/turborepo,30262,2026-04-22T19:55:09Z,1664
FujiwaraChoki/MoneyPrinterV2,https://github.com/FujiwaraChoki/MoneyPrinterV2,30236,2026-04-04T15:13:48Z,804
trailofbits/algo,https://github.com/trailofbits/algo,30231,2026-04-22T12:27:56Z,3633
spf13/viper,https://github.com/spf13/viper,30220,2026-01-12T21:42:47Z,4407
honojs/hono,https://github.com/honojs/hono,30157,2026-04-25T23:37:20Z,1594
datawhalechina/self-llm,https://github.com/datawhalechina/self-llm,30123,2026-04-24T13:50:47Z,893
xuxueli/xxl-job,https://github.com/xuxueli/xxl-job,30104,2026-04-05T17:55:44Z,3802
GoogleChrome/lighthouse,https://github.com/GoogleChrome/lighthouse,30100,2026-04-26T19:34:41Z,3702
nginx/nginx,https://github.com/nginx/nginx,30084,2026-04-24T16:36:43Z,3960
openssl/openssl,https://github.com/openssl/openssl,30068,2026-04-26T14:38:15Z,4849
encode/django-rest-framework,https://github.com/encode/django-rest-framework,29991,2026-04-07T22:54:03Z,5534
fishaudio/fish-speech,https://github.com/fishaudio/fish-speech,29962,2026-04-06T19:09:42Z,929
ageron/handson-ml2,https://github.com/ageron/handson-ml2,29931,2026-03-19T01:05:36Z,2665
square/leakcanary,https://github.com/square/leakcanary,29923,2026-03-24T10:43:32Z,4015
binwiederhier/ntfy,https://github.com/binwiederhier/ntfy,29892,2026-04-23T00:42:45Z,1646
hashicorp/consul,https://github.com/hashicorp/consul,29864,2026-04-26T19:09:30Z,4556
flameshot-org/flameshot,https://github.com/flameshot-org/flameshot,29778,2026-04-25T07:27:18Z,3273
yuliskov/SmartTube,https://github.com/yuliskov/SmartTube,29769,2026-04-27T01:54:17Z,2098
gethomepage/homepage,https://github.com/gethomepage/homepage,29768,2026-04-27T01:02:42Z,1341
apolloconfig/apollo,https://github.com/apolloconfig/apollo,29760,2026-04-18T08:17:42Z,3705
helm/helm,https://github.com/helm/helm,29746,2026-04-26T14:20:52Z,3856
sampotts/plyr,https://github.com/sampotts/plyr,29746,2026-01-03T16:10:02Z,4089
feder-cr/Jobs_Applier_AI_Agent_AIHawk,https://github.com/feder-cr/Jobs_Applier_AI_Agent_AIHawk,29717,2025-11-16T14:51:13Z,630
karpathy/llm.c,https://github.com/karpathy/llm.c,29709,2025-06-26T17:03:40Z,748
alibaba/canal,https://github.com/alibaba/canal,29672,2026-04-23T06:23:00Z,4851
vuejs/vue-cli,https://github.com/vuejs/vue-cli,29595,2025-08-21T10:56:30Z,3774
gitroomhq/postiz-app,https://github.com/gitroomhq/postiz-app,29586,2026-04-26T12:49:40Z,1023
statelyai/xstate,https://github.com/statelyai/xstate,29544,2026-04-26T17:24:08Z,3877
bytedance/UI-TARS-desktop,https://github.com/bytedance/UI-TARS-desktop,29535,2026-03-27T02:06:17Z,462
datawhalechina/happy-llm,https://github.com/datawhalechina/happy-llm,29506,2026-03-16T02:21:33Z,698
Pierian-Data/Complete-Python-3-Bootcamp,https://github.com/Pierian-Data/Complete-Python-3-Bootcamp,29506,2025-06-24T04:54:16Z,2995
atuinsh/atuin,https://github.com/atuinsh/atuin,29496,2026-04-24T22:05:41Z,2030
MetaCubeX/mihomo,https://github.com/MetaCubeX/mihomo,29462,2026-04-26T02:12:42Z,1802
lightpanda-io/browser,https://github.com/lightpanda-io/browser,29444,2026-04-27T02:22:11Z,1174
chubin/wttr.in,https://github.com/chubin/wttr.in,29442,2026-04-24T21:56:54Z,3774
standard/standard,https://github.com/standard/standard,29441,2025-07-11T08:28:23Z,4108
MichaelCade/90DaysOfDevOps,https://github.com/MichaelCade/90DaysOfDevOps,29438,2026-04-12T05:25:44Z,1582
composer/composer,https://github.com/composer/composer,29385,2026-04-20T21:20:08Z,5436
JaidedAI/EasyOCR,https://github.com/JaidedAI/EasyOCR,29354,2025-12-05T12:23:12Z,2234
barry-ran/QtScrcpy,https://github.com/barry-ran/QtScrcpy,29316,2026-04-03T06:36:21Z,2499
github/github-mcp-server,https://github.com/github/github-mcp-server,29272,2026-04-24T18:08:26Z,418
AtsushiSakai/PythonRobotics,https://github.com/AtsushiSakai/PythonRobotics,29260,2026-04-20T21:59:55Z,3688
luongnv89/claude-howto,https://github.com/luongnv89/claude-howto,29176,2026-04-26T22:50:57Z,170
alibaba/spring-cloud-alibaba,https://github.com/alibaba/spring-cloud-alibaba,29106,2026-04-20T06:51:44Z,3068
the1812/Bilibili-Evolved,https://github.com/the1812/Bilibili-Evolved,29101,2026-04-25T03:23:38Z,2841
jitsi/jitsi-meet,https://github.com/jitsi/jitsi-meet,29083,2026-04-26T22:25:33Z,4514
QuantumNous/new-api,https://github.com/QuantumNous/new-api,29080,2026-04-26T14:12:23Z,898
hiddify/hiddify-app,https://github.com/hiddify/hiddify-app,29078,2026-04-01T20:57:52Z,1071
pmndrs/react-spring,https://github.com/pmndrs/react-spring,29075,2026-04-23T17:11:58Z,2972
python-telegram-bot/python-telegram-bot,https://github.com/python-telegram-bot/python-telegram-bot,29065,2026-04-26T01:57:30Z,3946
heroui-inc/heroui,https://github.com/heroui-inc/heroui,29051,2026-04-25T18:59:05Z,1830
postcss/postcss,https://github.com/postcss/postcss,28976,2026-04-26T14:22:42Z,4597
router-for-me/CLIProxyAPI,https://github.com/router-for-me/CLIProxyAPI,28973,2026-04-26T15:30:13Z,299
immerjs/immer,https://github.com/immerjs/immer,28926,2026-04-14T01:20:21Z,3040
rxhanson/Rectangle,https://github.com/rxhanson/Rectangle,28916,2026-04-20T15:48:06Z,2501
hpcaitech/Open-Sora,https://github.com/hpcaitech/Open-Sora,28910,2026-04-09T01:52:40Z,796
tastejs/todomvc,https://github.com/tastejs/todomvc,28907,2025-06-23T17:35:04Z,5441
emilk/egui,https://github.com/emilk/egui,28871,2026-04-24T09:58:55Z,2660
t3-oss/create-t3-app,https://github.com/t3-oss/create-t3-app,28861,2025-12-13T10:39:23Z,1433
chatwoot/chatwoot,https://github.com/chatwoot/chatwoot,28845,2026-04-26T16:53:39Z,2447
233boy/v2ray,https://github.com/233boy/v2ray,28832,2026-01-15T00:50:11Z,3081
GitbookIO/gitbook,https://github.com/GitbookIO/gitbook,28802,2026-04-24T19:08:21Z,4409
ossrs/srs,https://github.com/ossrs/srs,28770,2026-04-23T11:25:48Z,4015
swagger-api/swagger-ui,https://github.com/swagger-api/swagger-ui,28767,2026-04-21T00:02:23Z,5399
asmvik/yabai,https://github.com/asmvik/yabai,28740,2026-04-26T13:41:19Z,2549
Ebazhanov/linkedin-skill-assessments-quizzes,https://github.com/Ebazhanov/linkedin-skill-assessments-quizzes,28725,2026-04-26T14:00:19Z,2479
signalapp/Signal-Android,https://github.com/signalapp/Signal-Android,28697,2026-04-22T19:01:00Z,5246
gabime/spdlog,https://github.com/gabime/spdlog,28694,2026-04-18T18:58:37Z,4195
voideditor/void,https://github.com/voideditor/void,28657,2026-01-12T09:57:57Z,593
lbjlaq/Antigravity-Manager,https://github.com/lbjlaq/Antigravity-Manager,28633,2026-04-19T08:09:21Z,151
nrwl/nx,https://github.com/nrwl/nx,28603,2026-04-27T02:01:00Z,3180
kenwheeler/slick,https://github.com/kenwheeler/slick,28590,2026-03-11T20:15:21Z,4417
Genesis-Embodied-AI/Genesis,https://github.com/Genesis-Embodied-AI/Genesis,28575,2026-04-26T08:35:59Z,908
onyx-dot-app/onyx,https://github.com/onyx-dot-app/onyx,28560,2026-04-27T02:35:31Z,1095
521xueweihan/GitHub520,https://github.com/521xueweihan/GitHub520,28553,2026-04-27T00:52:44Z,2174
sipeed/picoclaw,https://github.com/sipeed/picoclaw,28551,2026-04-27T01:45:53Z,81
tailwindlabs/headlessui,https://github.com/tailwindlabs/headlessui,28548,2026-04-13T16:12:31Z,2048
deepinsight/insightface,https://github.com/deepinsight/insightface,28539,2026-03-29T11:01:56Z,3160
getredash/redash,https://github.com/getredash/redash,28538,2026-04-19T07:47:09Z,4563
abiosoft/colima,https://github.com/abiosoft/colima,28497,2026-04-21T15:56:49Z,1695
micro-editor/micro,https://github.com/micro-editor/micro,28493,2026-04-27T00:43:49Z,3699
opentofu/opentofu,https://github.com/opentofu/opentofu,28482,2026-04-26T11:38:37Z,984
shengxinjing/programmer-job-blacklist,https://github.com/shengxinjing/programmer-job-blacklist,28411,2026-02-27T02:34:40Z,3592
celery/celery,https://github.com/celery/celery,28410,2026-04-26T22:43:48Z,6211
goharbor/harbor,https://github.com/goharbor/harbor,28354,2026-04-26T08:40:31Z,3741
jj-vcs/jj,https://github.com/jj-vcs/jj,28351,2026-04-26T11:13:01Z,1955
dmlc/xgboost,https://github.com/dmlc/xgboost,28321,2026-04-24T00:53:38Z,4462
reflex-dev/reflex,https://github.com/reflex-dev/reflex,28310,2026-04-27T01:26:11Z,1279
requarks/wiki,https://github.com/requarks/wiki,28237,2026-04-20T10:07:25Z,3540
nextauthjs/next-auth,https://github.com/nextauthjs/next-auth,28211,2026-04-14T21:43:37Z,3011
alibaba/druid,https://github.com/alibaba/druid,28199,2026-04-22T06:07:52Z,5288
ValdikSS/GoodbyeDPI,https://github.com/ValdikSS/GoodbyeDPI,28195,2026-01-19T12:59:23Z,3267
fyne-io/fyne,https://github.com/fyne-io/fyne,28186,2026-04-23T14:23:17Z,3003
mobxjs/mobx,https://github.com/mobxjs/mobx,28185,2026-03-12T10:50:48Z,4061
google/python-fire,https://github.com/google/python-fire,28184,2026-04-01T09:05:35Z,3351
huggingface/agents-course,https://github.com/huggingface/agents-course,28182,2026-04-17T09:15:57Z,465
caolan/async,https://github.com/caolan/async,28173,2026-02-01T15:33:10Z,5808
taichi-dev/taichi,https://github.com/taichi-dev/taichi,28170,2026-04-06T19:37:14Z,3440
Z-Siqi/Clash-for-Windows_Chinese,https://github.com/Z-Siqi/Clash-for-Windows_Chinese,28136,2025-06-26T05:13:29Z,1833
stanford-oval/storm,https://github.com/stanford-oval/storm,28131,2025-09-30T18:07:21Z,763
projectdiscovery/nuclei,https://github.com/projectdiscovery/nuclei,28089,2026-04-27T02:11:08Z,2214
jashkenas/backbone,https://github.com/jashkenas/backbone,28082,2026-04-22T17:12:03Z,5687
JedWatson/react-select,https://github.com/JedWatson/react-select,28040,2025-07-11T12:49:28Z,4261
better-auth/better-auth,https://github.com/better-auth/better-auth,28006,2026-04-27T00:39:52Z,707
envoyproxy/envoy,https://github.com/envoyproxy/envoy,27899,2026-04-27T01:15:52Z,3548
Budibase/budibase,https://github.com/Budibase/budibase,27873,2026-04-26T19:28:14Z,2515
DayuanJiang/next-ai-draw-io,https://github.com/DayuanJiang/next-ai-draw-io,27862,2026-04-26T04:35:23Z,399
microsoft/semantic-kernel,https://github.com/microsoft/semantic-kernel,27788,2026-04-23T08:39:09Z,1154
ArchiveBox/ArchiveBox,https://github.com/ArchiveBox/ArchiveBox,27296,2026-04-24T05:18:33Z,3278
QwenLM/Qwen3,https://github.com/QwenLM/Qwen3,27167,2026-01-09T03:05:47Z,811
HumanSignal/label-studio,https://github.com/HumanSignal/label-studio,27140,2026-04-27T00:20:49Z,2504
ajaxorg/ace,https://github.com/ajaxorg/ace,27132,2026-04-21T19:31:34Z,5660
quasarframework/quasar,https://github.com/quasarframework/quasar,27130,2026-04-24T14:47:29Z,3856
hashicorp/vagrant,https://github.com/hashicorp/vagrant,27125,2026-04-20T07:22:20Z,5939
Stability-AI/generative-models,https://github.com/Stability-AI/generative-models,27118,2025-12-16T08:36:18Z,1040
linshenkx/prompt-optimizer,https://github.com/linshenkx/prompt-optimizer,27093,2026-04-27T01:57:04Z,438
OpenZeppelin/openzeppelin-contracts,https://github.com/OpenZeppelin/openzeppelin-contracts,27074,2026-04-24T08:40:55Z,3555
invoke-ai/InvokeAI,https://github.com/invoke-ai/InvokeAI,27057,2026-04-27T02:16:35Z,1349
microsoft/vcpkg,https://github.com/microsoft/vcpkg,26954,2026-04-26T02:51:15Z,3510
huggingface/smolagents,https://github.com/huggingface/smolagents,26911,2026-04-24T12:40:38Z,507
srbhr/Resume-Matcher,https://github.com/srbhr/Resume-Matcher,26832,2026-04-24T16:09:41Z,2209
Wox-launcher/Wox,https://github.com/Wox-launcher/Wox,26696,2026-04-26T15:14:13Z,4511
Molunerfinn/PicGo,https://github.com/Molunerfinn/PicGo,26659,2026-04-11T11:42:22Z,3057
marmelab/react-admin,https://github.com/marmelab/react-admin,26658,2026-04-21T22:34:48Z,3574
ApolloAuto/apollo,https://github.com/ApolloAuto/apollo,26581,2026-04-16T12:24:54Z,3218
cloudflare/pingora,https://github.com/cloudflare/pingora,26503,2026-04-24T21:04:23Z,1087
koreader/koreader,https://github.com/koreader/koreader,26499,2026-04-26T23:38:41Z,4781
sgl-project/sglang,https://github.com/sgl-project/sglang,26488,2026-04-27T02:13:10Z,839
aishwaryanr/awesome-generative-ai-guide,https://github.com/aishwaryanr/awesome-generative-ai-guide,26382,2026-04-24T19:08:00Z,810
ungoogled-software/ungoogled-chromium,https://github.com/ungoogled-software/ungoogled-chromium,26378,2026-04-24T18:28:53Z,3971
elixir-lang/elixir,https://github.com/elixir-lang/elixir,26373,2026-04-26T17:08:32Z,5586
rollup/rollup,https://github.com/rollup/rollup,26271,2026-04-26T17:37:47Z,4000
Infisical/infisical,https://github.com/Infisical/infisical,26237,2026-04-27T00:28:10Z,1360
XIU2/CloudflareSpeedTest,https://github.com/XIU2/CloudflareSpeedTest,26195,2026-04-26T08:26:59Z,2065
OpenAPITools/openapi-generator,https://github.com/OpenAPITools/openapi-generator,26169,2026-04-26T14:52:58Z,2906
openfaas/faas,https://github.com/openfaas/faas,26144,2026-04-01T14:03:53Z,3412
The-Art-of-Hacking/h4cker,https://github.com/The-Art-of-Hacking/h4cker,26107,2026-04-27T02:06:32Z,3233
mattermost-community/focalboard,https://github.com/mattermost-community/focalboard,26094,2026-04-20T09:56:19Z,2028
actualbudget/actual,https://github.com/actualbudget/actual,26087,2026-04-26T20:48:46Z,1458
LazyVim/LazyVim,https://github.com/LazyVim/LazyVim,26079,2026-04-26T18:17:46Z,1213
vapor/vapor,https://github.com/vapor/vapor,26048,2026-04-20T18:49:33Z,3751
matteocrippa/awesome-swift,https://github.com/matteocrippa/awesome-swift,26009,2026-04-10T14:01:36Z,4308
huggingface/open-r1,https://github.com/huggingface/open-r1,26006,2026-04-02T14:03:15Z,457
yeasy/docker_practice,https://github.com/yeasy/docker_practice,25995,2026-04-27T01:16:55Z,4251
apache/incubator-seata,https://github.com/apache/incubator-seata,25967,2026-04-24T05:42:26Z,2676
stretchr/testify,https://github.com/stretchr/testify,25956,2026-04-08T17:29:08Z,4940
firecrawl/open-lovable,https://github.com/firecrawl/open-lovable,25928,2025-11-19T15:29:48Z,261
OI-wiki/OI-wiki,https://github.com/OI-wiki/OI-wiki,25916,2026-04-26T16:14:04Z,2846
google/flatbuffers,https://github.com/google/flatbuffers,25841,2026-04-18T09:52:41Z,4360
wilsonfreitas/awesome-quant,https://github.com/wilsonfreitas/awesome-quant,25829,2026-04-27T01:32:18Z,3861
react-native-elements/react-native-elements,https://github.com/react-native-elements/react-native-elements,25817,2026-01-27T06:53:44Z,3517
VectifyAI/PageIndex,https://github.com/VectifyAI/PageIndex,25816,2026-04-24T16:46:46Z,390
Cinnamon/kotaemon,https://github.com/Cinnamon/kotaemon,25314,2026-04-03T11:28:24Z,762
Max-Eee/NeoPass,https://github.com/Max-Eee/NeoPass,25197,2026-04-11T14:52:06Z,527
Wilfred/difftastic,https://github.com/Wilfred/difftastic,25151,2026-04-26T23:14:04Z,2686
tsenart/vegeta,https://github.com/tsenart/vegeta,25017,2026-02-16T14:07:07Z,4639
eip-work/kuboard-press,https://github.com/eip-work/kuboard-press,24951,2026-04-04T06:25:52Z,2468
karakeep-app/karakeep,https://github.com/karakeep-app/karakeep,24861,2026-04-25T00:07:58Z,810
cookiecutter/cookiecutter,https://github.com/cookiecutter/cookiecutter,24835,2026-04-01T17:46:44Z,4669
microsoft/JARVIS,https://github.com/microsoft/JARVIS,24668,2025-07-29T13:44:13Z,1123
containrrr/watchtower,https://github.com/containrrr/watchtower,24591,2025-12-17T14:44:11Z,3940
electron-react-boilerplate/electron-react-boilerplate,https://github.com/electron-react-boilerplate/electron-react-boilerplate,24241,2026-04-15T19:10:20Z,3996
ramda/ramda,https://github.com/ramda/ramda,24083,2026-01-22T07:16:29Z,4692
mvanhorn/last30days-skill,https://github.com/mvanhorn/last30days-skill,24075,2026-04-26T21:16:14Z,93
lxgw/LxgwWenKai,https://github.com/lxgw/LxgwWenKai,24049,2026-03-17T15:15:14Z,1912
QwenLM/qwen-code,https://github.com/QwenLM/qwen-code,23908,2026-04-27T02:20:38Z,305
Lissy93/personal-security-checklist,https://github.com/Lissy93/personal-security-checklist,21273,2026-02-28T16:37:20Z,2977
goauthentik/authentik,https://github.com/goauthentik/authentik,21206,2026-04-27T02:39:10Z,2309
hapijs/joi,https://github.com/hapijs/joi,21193,2026-03-30T17:24:52Z,4970
airbytehq/airbyte,https://github.com/airbytehq/airbyte,21141,2026-04-26T19:05:16Z,2099
QwenLM/Qwen,https://github.com/QwenLM/Qwen,21073,2026-03-05T13:55:17Z,997
pgvector/pgvector,https://github.com/pgvector/pgvector,21007,2026-04-26T21:47:18Z,1832
gildas-lormeau/SingleFile,https://github.com/gildas-lormeau/SingleFile,20992,2026-02-24T15:52:53Z,5705
verl-project/verl,https://github.com/verl-project/verl,20941,2026-04-27T02:03:27Z,542
vitessio/vitess,https://github.com/vitessio/vitess,20930,2026-04-26T20:37:05Z,4686
avajs/ava,https://github.com/avajs/ava,20847,2026-04-26T19:10:54Z,4177
magicuidesign/magicui,https://github.com/magicuidesign/magicui,20814,2026-04-23T11:11:40Z,1035
onnx/onnx,https://github.com/onnx/onnx,20722,2026-04-26T17:00:34Z,3153
xbmc/xbmc,https://github.com/xbmc/xbmc,20698,2026-04-26T23:42:23Z,5592
agentsmd/agents.md,https://github.com/agentsmd/agents.md,20664,2026-03-12T14:26:14Z,250
leptos-rs/leptos,https://github.com/leptos-rs/leptos,20637,2026-04-23T19:49:33Z,1365
cjpais/Handy,https://github.com/cjpais/Handy,20612,2026-04-24T09:51:40Z,437
NawfalMotii79/PLFM_RADAR,https://github.com/NawfalMotii79/PLFM_RADAR,18335,2026-04-23T02:08:47Z,49
mjmlio/mjml,https://github.com/mjmlio/mjml,18027,2026-04-24T09:09:59Z,3741
sqlc-dev/sqlc,https://github.com/sqlc-dev/sqlc,17406,2026-04-27T01:50:29Z,2501
gyoogle/tech-interview-for-developer,https://github.com/gyoogle/tech-interview-for-developer,17315,2025-06-04T08:16:06Z,2513
topoteretes/cognee,https://github.com/topoteretes/cognee,16822,2026-04-25T19:00:03Z,984
exaloop/codon,https://github.com/exaloop/codon,16731,2026-04-21T18:29:41Z,1672
gvergnaud/ts-pattern,https://github.com/gvergnaud/ts-pattern,14963,2026-04-24T23:32:29Z,2163
xournalpp/xournalpp,https://github.com/xournalpp/xournalpp,14671,2026-04-26T05:20:47Z,4644
SesameAILabs/csm,https://github.com/SesameAILabs/csm,14603,2025-05-27T12:21:52Z,424
hmjz100/LinkSwift,https://github.com/hmjz100/LinkSwift,14366,2026-04-20T10:40:08Z,1355
